<?xml version="1.0"?>
<gpx xmlns="http://www.topografix.com/GPX/1/1" xmlns:xsi="http://www.w3.org/2001/XMLSchema-instance" version="1.1" creator="AllTrails.com" xsi:schemaLocation="http://www.topografix.com/GPX/1/1 http://www.topografix.com/GPX/1/1/gpx.xsd">
  <metadata>
    <name><![CDATA[Big Pine Lakes Trail]]></name>
    <desc><![CDATA[]]></desc>
    <link href="http://www.alltrails.com">
      <text>AllTrails, LLC</text>
    </link>
    <bounds minlat="37.12257" minlon="-118.51254" maxlat="37.13795" maxlon="-118.43758"/>
  </metadata>
  <wpt lat="37.126132" lon="-118.443858">
    <name><![CDATA[North Fork Picknic Tables and Rest Rooms]]></name>
    <desc><![CDATA[]]></desc>
  </wpt>
  <wpt lat="37.13423" lon="-118.45561">
    <name><![CDATA[Top of first falls]]></name>
    <desc><![CDATA[]]></desc>
  </wpt>
  <wpt lat="37.13558" lon="-118.46558">
    <name><![CDATA[Lon Chaney Cabin]]></name>
    <desc><![CDATA[]]></desc>
  </wpt>
  <wpt lat="37.13515" lon="-118.46857">
    <name><![CDATA[Waterfall]]></name>
    <desc><![CDATA[]]></desc>
  </wpt>
  <wpt lat="37.13258" lon="-118.47157">
    <name><![CDATA[Waterfall ]]></name>
    <desc><![CDATA[]]></desc>
  </wpt>
  <wpt lat="37.12641" lon="-118.5012">
    <name><![CDATA[Glacier Trail Turn Off]]></name>
    <desc><![CDATA[]]></desc>
  </wpt>
  <trk>
    <name><![CDATA[Big Pine Lakes Trail]]></name>
    <src>AllTrails</src>
    <trkseg>
      <trkpt lat="37.12526" lon="-118.43758">
        <ele>2377.78</ele>
      </trkpt>
      <trkpt lat="37.12524" lon="-118.43761">
        <ele>2377.89</ele>
      </trkpt>
      <trkpt lat="37.12516" lon="-118.43777">
        <ele>2378.39</ele>
      </trkpt>
      <trkpt lat="37.12505" lon="-118.4381">
        <ele>2380.02</ele>
      </trkpt>
      <trkpt lat="37.12486" lon="-118.43868">
        <ele>2382.85</ele>
      </trkpt>
      <trkpt lat="37.12465" lon="-118.43929">
        <ele>2384.55</ele>
      </trkpt>
      <trkpt lat="37.12456" lon="-118.43948">
        <ele>2384.34</ele>
      </trkpt>
      <trkpt lat="37.12445" lon="-118.43971">
        <ele>2384.06</ele>
      </trkpt>
      <trkpt lat="37.12444" lon="-118.43981">
        <ele>2383.95</ele>
      </trkpt>
      <trkpt lat="37.12451" lon="-118.44001">
        <ele>2385.42</ele>
      </trkpt>
      <trkpt lat="37.12455" lon="-118.44018">
        <ele>2388.59</ele>
      </trkpt>
      <trkpt lat="37.12451" lon="-118.44038">
        <ele>2393.62</ele>
      </trkpt>
      <trkpt lat="37.1245" lon="-118.44052">
        <ele>2396.19</ele>
      </trkpt>
      <trkpt lat="37.12454" lon="-118.44073">
        <ele>2399.95</ele>
      </trkpt>
      <trkpt lat="37.1245" lon="-118.44103">
        <ele>2400.2</ele>
      </trkpt>
      <trkpt lat="37.12463" lon="-118.44117">
        <ele>2403.02</ele>
      </trkpt>
      <trkpt lat="37.12473" lon="-118.44103">
        <ele>2409.5</ele>
      </trkpt>
      <trkpt lat="37.12478" lon="-118.44108">
        <ele>2412.74</ele>
      </trkpt>
      <trkpt lat="37.12477" lon="-118.44135">
        <ele>2413.1</ele>
      </trkpt>
      <trkpt lat="37.12474" lon="-118.44161">
        <ele>2409.84</ele>
      </trkpt>
      <trkpt lat="37.12465" lon="-118.44178">
        <ele>2405.84</ele>
      </trkpt>
      <trkpt lat="37.1246" lon="-118.44182">
        <ele>2405.88</ele>
      </trkpt>
      <trkpt lat="37.12448" lon="-118.44189">
        <ele>2405.75</ele>
      </trkpt>
      <trkpt lat="37.12453" lon="-118.4419">
        <ele>2407.37</ele>
      </trkpt>
      <trkpt lat="37.12456" lon="-118.44193">
        <ele>2408.78</ele>
      </trkpt>
      <trkpt lat="37.12456" lon="-118.44201">
        <ele>2412.43</ele>
      </trkpt>
      <trkpt lat="37.12451" lon="-118.44208">
        <ele>2414.44</ele>
      </trkpt>
      <trkpt lat="37.12444" lon="-118.44219">
        <ele>2418.08</ele>
      </trkpt>
      <trkpt lat="37.12443" lon="-118.44224">
        <ele>2419.98</ele>
      </trkpt>
      <trkpt lat="37.12438" lon="-118.44233">
        <ele>2421.4</ele>
      </trkpt>
      <trkpt lat="37.12435" lon="-118.4424">
        <ele>2422.7</ele>
      </trkpt>
      <trkpt lat="37.12438" lon="-118.44238">
        <ele>2423.02</ele>
      </trkpt>
      <trkpt lat="37.12447" lon="-118.4423">
        <ele>2423.3</ele>
      </trkpt>
      <trkpt lat="37.12451" lon="-118.44227">
        <ele>2423.33</ele>
      </trkpt>
      <trkpt lat="37.12454" lon="-118.44222">
        <ele>2422.0</ele>
      </trkpt>
      <trkpt lat="37.12459" lon="-118.44216">
        <ele>2421.03</ele>
      </trkpt>
      <trkpt lat="37.12463" lon="-118.44217">
        <ele>2422.75</ele>
      </trkpt>
      <trkpt lat="37.12468" lon="-118.44218">
        <ele>2424.02</ele>
      </trkpt>
      <trkpt lat="37.12471" lon="-118.44222">
        <ele>2426.62</ele>
      </trkpt>
      <trkpt lat="37.12471" lon="-118.44228">
        <ele>2428.07</ele>
      </trkpt>
      <trkpt lat="37.12467" lon="-118.44236">
        <ele>2429.9</ele>
      </trkpt>
      <trkpt lat="37.12468" lon="-118.44239">
        <ele>2430.98</ele>
      </trkpt>
      <trkpt lat="37.12481" lon="-118.44244">
        <ele>2434.0</ele>
      </trkpt>
      <trkpt lat="37.1248" lon="-118.44247">
        <ele>2434.87</ele>
      </trkpt>
      <trkpt lat="37.12476" lon="-118.44249">
        <ele>2435.08</ele>
      </trkpt>
      <trkpt lat="37.1247" lon="-118.44251">
        <ele>2435.14</ele>
      </trkpt>
      <trkpt lat="37.12469" lon="-118.44254">
        <ele>2436.08</ele>
      </trkpt>
      <trkpt lat="37.1247" lon="-118.44256">
        <ele>2437.04</ele>
      </trkpt>
      <trkpt lat="37.12483" lon="-118.44258">
        <ele>2439.64</ele>
      </trkpt>
      <trkpt lat="37.12485" lon="-118.4426">
        <ele>2440.76</ele>
      </trkpt>
      <trkpt lat="37.12484" lon="-118.44262">
        <ele>2441.62</ele>
      </trkpt>
      <trkpt lat="37.12476" lon="-118.44268">
        <ele>2442.63</ele>
      </trkpt>
      <trkpt lat="37.12468" lon="-118.44275">
        <ele>2443.05</ele>
      </trkpt>
      <trkpt lat="37.1247" lon="-118.44278">
        <ele>2444.59</ele>
      </trkpt>
      <trkpt lat="37.12476" lon="-118.44277">
        <ele>2445.56</ele>
      </trkpt>
      <trkpt lat="37.12481" lon="-118.44276">
        <ele>2446.32</ele>
      </trkpt>
      <trkpt lat="37.12484" lon="-118.44277">
        <ele>2447.56</ele>
      </trkpt>
      <trkpt lat="37.12485" lon="-118.44279">
        <ele>2448.62</ele>
      </trkpt>
      <trkpt lat="37.12483" lon="-118.44283">
        <ele>2449.66</ele>
      </trkpt>
      <trkpt lat="37.12483" lon="-118.44286">
        <ele>2450.9</ele>
      </trkpt>
      <trkpt lat="37.12485" lon="-118.44291">
        <ele>2453.21</ele>
      </trkpt>
      <trkpt lat="37.12489" lon="-118.44293">
        <ele>2455.08</ele>
      </trkpt>
      <trkpt lat="37.12492" lon="-118.44294">
        <ele>2456.14</ele>
      </trkpt>
      <trkpt lat="37.12499" lon="-118.443">
        <ele>2459.09</ele>
      </trkpt>
      <trkpt lat="37.12502" lon="-118.44306">
        <ele>2461.4</ele>
      </trkpt>
      <trkpt lat="37.12494" lon="-118.44317">
        <ele>2464.41</ele>
      </trkpt>
      <trkpt lat="37.12479" lon="-118.44323">
        <ele>2463.12</ele>
      </trkpt>
      <trkpt lat="37.1248" lon="-118.4433">
        <ele>2466.24</ele>
      </trkpt>
      <trkpt lat="37.12495" lon="-118.44338">
        <ele>2471.24</ele>
      </trkpt>
      <trkpt lat="37.12495" lon="-118.44343">
        <ele>2472.57</ele>
      </trkpt>
      <trkpt lat="37.12476" lon="-118.44351">
        <ele>2472.62</ele>
      </trkpt>
      <trkpt lat="37.12454" lon="-118.44353">
        <ele>2470.68</ele>
      </trkpt>
      <trkpt lat="37.12447" lon="-118.44358">
        <ele>2471.63</ele>
      </trkpt>
      <trkpt lat="37.12454" lon="-118.44367">
        <ele>2478.21</ele>
      </trkpt>
      <trkpt lat="37.12465" lon="-118.44369">
        <ele>2480.29</ele>
      </trkpt>
      <trkpt lat="37.12475" lon="-118.44378">
        <ele>2483.47</ele>
      </trkpt>
      <trkpt lat="37.12524" lon="-118.44423">
        <ele>2494.46</ele>
      </trkpt>
      <trkpt lat="37.12536" lon="-118.44423">
        <ele>2493.16</ele>
      </trkpt>
      <trkpt lat="37.12556" lon="-118.4442">
        <ele>2491.06</ele>
      </trkpt>
      <trkpt lat="37.12569" lon="-118.4443">
        <ele>2493.32</ele>
      </trkpt>
      <trkpt lat="37.12578" lon="-118.44433">
        <ele>2493.97</ele>
      </trkpt>
      <trkpt lat="37.12599" lon="-118.44438">
        <ele>2495.39</ele>
      </trkpt>
      <trkpt lat="37.12618" lon="-118.44444">
        <ele>2497.65</ele>
      </trkpt>
      <trkpt lat="37.12631" lon="-118.44451">
        <ele>2500.56</ele>
      </trkpt>
      <trkpt lat="37.12645" lon="-118.44465">
        <ele>2504.44</ele>
      </trkpt>
      <trkpt lat="37.12668" lon="-118.44466">
        <ele>2504.66</ele>
      </trkpt>
      <trkpt lat="37.12692" lon="-118.44459">
        <ele>2504.2</ele>
      </trkpt>
      <trkpt lat="37.12701" lon="-118.44454">
        <ele>2507.07</ele>
      </trkpt>
      <trkpt lat="37.12709" lon="-118.44448">
        <ele>2510.38</ele>
      </trkpt>
      <trkpt lat="37.12722" lon="-118.44446">
        <ele>2514.43</ele>
      </trkpt>
      <trkpt lat="37.12739" lon="-118.44438">
        <ele>2521.52</ele>
      </trkpt>
      <trkpt lat="37.12763" lon="-118.44444">
        <ele>2527.4</ele>
      </trkpt>
      <trkpt lat="37.12776" lon="-118.44448">
        <ele>2530.77</ele>
      </trkpt>
      <trkpt lat="37.12803" lon="-118.44463">
        <ele>2535.16</ele>
      </trkpt>
      <trkpt lat="37.12886" lon="-118.44505">
        <ele>2546.28</ele>
      </trkpt>
      <trkpt lat="37.12922" lon="-118.44521">
        <ele>2555.23</ele>
      </trkpt>
      <trkpt lat="37.12951" lon="-118.44538">
        <ele>2561.15</ele>
      </trkpt>
      <trkpt lat="37.12987" lon="-118.44559">
        <ele>2567.52</ele>
      </trkpt>
      <trkpt lat="37.13014" lon="-118.44578">
        <ele>2570.78</ele>
      </trkpt>
      <trkpt lat="37.13036" lon="-118.44595">
        <ele>2573.77</ele>
      </trkpt>
      <trkpt lat="37.13069" lon="-118.4462">
        <ele>2581.4</ele>
      </trkpt>
      <trkpt lat="37.1309" lon="-118.44637">
        <ele>2585.42</ele>
      </trkpt>
      <trkpt lat="37.13107" lon="-118.44649">
        <ele>2589.97</ele>
      </trkpt>
      <trkpt lat="37.13122" lon="-118.44666">
        <ele>2591.17</ele>
      </trkpt>
      <trkpt lat="37.13142" lon="-118.44684">
        <ele>2595.06</ele>
      </trkpt>
      <trkpt lat="37.13168" lon="-118.44707">
        <ele>2598.51</ele>
      </trkpt>
      <trkpt lat="37.13188" lon="-118.44728">
        <ele>2600.34</ele>
      </trkpt>
      <trkpt lat="37.13214" lon="-118.44752">
        <ele>2603.69</ele>
      </trkpt>
      <trkpt lat="37.13226" lon="-118.44765">
        <ele>2604.14</ele>
      </trkpt>
      <trkpt lat="37.13233" lon="-118.4477">
        <ele>2605.18</ele>
      </trkpt>
      <trkpt lat="37.13255" lon="-118.44792">
        <ele>2607.55</ele>
      </trkpt>
      <trkpt lat="37.1326" lon="-118.44804">
        <ele>2605.82</ele>
      </trkpt>
      <trkpt lat="37.13273" lon="-118.44818">
        <ele>2605.9</ele>
      </trkpt>
      <trkpt lat="37.13297" lon="-118.4485">
        <ele>2603.04</ele>
      </trkpt>
      <trkpt lat="37.1331" lon="-118.44866">
        <ele>2603.57</ele>
      </trkpt>
      <trkpt lat="37.13347" lon="-118.44917">
        <ele>2613.81</ele>
      </trkpt>
      <trkpt lat="37.1336" lon="-118.44944">
        <ele>2612.66</ele>
      </trkpt>
      <trkpt lat="37.13369" lon="-118.44954">
        <ele>2614.32</ele>
      </trkpt>
      <trkpt lat="37.13382" lon="-118.44965">
        <ele>2616.98</ele>
      </trkpt>
      <trkpt lat="37.1339" lon="-118.44979">
        <ele>2617.29</ele>
      </trkpt>
      <trkpt lat="37.13396" lon="-118.44989">
        <ele>2618.36</ele>
      </trkpt>
      <trkpt lat="37.13414" lon="-118.45015">
        <ele>2621.41</ele>
      </trkpt>
      <trkpt lat="37.13427" lon="-118.45038">
        <ele>2621.81</ele>
      </trkpt>
      <trkpt lat="37.13437" lon="-118.45061">
        <ele>2626.98</ele>
      </trkpt>
      <trkpt lat="37.13445" lon="-118.4507">
        <ele>2631.81</ele>
      </trkpt>
      <trkpt lat="37.13463" lon="-118.45104">
        <ele>2638.1</ele>
      </trkpt>
      <trkpt lat="37.1348" lon="-118.45137">
        <ele>2637.7</ele>
      </trkpt>
      <trkpt lat="37.13486" lon="-118.4515">
        <ele>2638.34</ele>
      </trkpt>
      <trkpt lat="37.13491" lon="-118.45162">
        <ele>2641.68</ele>
      </trkpt>
      <trkpt lat="37.13496" lon="-118.45176">
        <ele>2647.41</ele>
      </trkpt>
      <trkpt lat="37.13498" lon="-118.45186">
        <ele>2649.58</ele>
      </trkpt>
      <trkpt lat="37.13504" lon="-118.45196">
        <ele>2654.66</ele>
      </trkpt>
      <trkpt lat="37.13508" lon="-118.45204">
        <ele>2658.05</ele>
      </trkpt>
      <trkpt lat="37.13513" lon="-118.45211">
        <ele>2661.02</ele>
      </trkpt>
      <trkpt lat="37.13519" lon="-118.45224">
        <ele>2664.25</ele>
      </trkpt>
      <trkpt lat="37.13523" lon="-118.45241">
        <ele>2665.42</ele>
      </trkpt>
      <trkpt lat="37.13533" lon="-118.45271">
        <ele>2669.14</ele>
      </trkpt>
      <trkpt lat="37.13546" lon="-118.45298">
        <ele>2673.66</ele>
      </trkpt>
      <trkpt lat="37.13548" lon="-118.45309">
        <ele>2673.55</ele>
      </trkpt>
      <trkpt lat="37.1355" lon="-118.45325">
        <ele>2673.5</ele>
      </trkpt>
      <trkpt lat="37.13553" lon="-118.45343">
        <ele>2672.85</ele>
      </trkpt>
      <trkpt lat="37.13554" lon="-118.45357">
        <ele>2671.77</ele>
      </trkpt>
      <trkpt lat="37.13556" lon="-118.45366">
        <ele>2671.71</ele>
      </trkpt>
      <trkpt lat="37.1356" lon="-118.45372">
        <ele>2673.32</ele>
      </trkpt>
      <trkpt lat="37.1356" lon="-118.45376">
        <ele>2673.11</ele>
      </trkpt>
      <trkpt lat="37.13559" lon="-118.45382">
        <ele>2672.49</ele>
      </trkpt>
      <trkpt lat="37.1355" lon="-118.45405">
        <ele>2673.4</ele>
      </trkpt>
      <trkpt lat="37.13544" lon="-118.45409">
        <ele>2673.29</ele>
      </trkpt>
      <trkpt lat="37.13531" lon="-118.4542">
        <ele>2675.43</ele>
      </trkpt>
      <trkpt lat="37.13516" lon="-118.45435">
        <ele>2677.81</ele>
      </trkpt>
      <trkpt lat="37.13494" lon="-118.45454">
        <ele>2680.86</ele>
      </trkpt>
      <trkpt lat="37.13475" lon="-118.45466">
        <ele>2680.7</ele>
      </trkpt>
      <trkpt lat="37.13463" lon="-118.45474">
        <ele>2679.37</ele>
      </trkpt>
      <trkpt lat="37.13452" lon="-118.45481">
        <ele>2677.9</ele>
      </trkpt>
      <trkpt lat="37.13442" lon="-118.45486">
        <ele>2677.62</ele>
      </trkpt>
      <trkpt lat="37.13432" lon="-118.45487">
        <ele>2675.83</ele>
      </trkpt>
      <trkpt lat="37.13428" lon="-118.45486">
        <ele>2674.64</ele>
      </trkpt>
      <trkpt lat="37.13428" lon="-118.45491">
        <ele>2678.4</ele>
      </trkpt>
      <trkpt lat="37.13431" lon="-118.45494">
        <ele>2680.85</ele>
      </trkpt>
      <trkpt lat="37.13435" lon="-118.45494">
        <ele>2681.44</ele>
      </trkpt>
      <trkpt lat="37.13438" lon="-118.45496">
        <ele>2683.89</ele>
      </trkpt>
      <trkpt lat="37.13446" lon="-118.45499">
        <ele>2689.07</ele>
      </trkpt>
      <trkpt lat="37.13453" lon="-118.45498">
        <ele>2691.91</ele>
      </trkpt>
      <trkpt lat="37.13457" lon="-118.45496">
        <ele>2692.48</ele>
      </trkpt>
      <trkpt lat="37.13462" lon="-118.45496">
        <ele>2695.41</ele>
      </trkpt>
      <trkpt lat="37.13464" lon="-118.45498">
        <ele>2698.16</ele>
      </trkpt>
      <trkpt lat="37.13462" lon="-118.455">
        <ele>2698.48</ele>
      </trkpt>
      <trkpt lat="37.13457" lon="-118.45501">
        <ele>2696.57</ele>
      </trkpt>
      <trkpt lat="37.13451" lon="-118.45504">
        <ele>2695.56</ele>
      </trkpt>
      <trkpt lat="37.13445" lon="-118.45505">
        <ele>2693.08</ele>
      </trkpt>
      <trkpt lat="37.13438" lon="-118.45506">
        <ele>2691.45</ele>
      </trkpt>
      <trkpt lat="37.13431" lon="-118.45506">
        <ele>2689.63</ele>
      </trkpt>
      <trkpt lat="37.13419" lon="-118.45508">
        <ele>2688.76</ele>
      </trkpt>
      <trkpt lat="37.13418" lon="-118.4551">
        <ele>2689.85</ele>
      </trkpt>
      <trkpt lat="37.13416" lon="-118.4552">
        <ele>2696.51</ele>
      </trkpt>
      <trkpt lat="37.13411" lon="-118.45528">
        <ele>2698.63</ele>
      </trkpt>
      <trkpt lat="37.13412" lon="-118.4553">
        <ele>2699.82</ele>
      </trkpt>
      <trkpt lat="37.13417" lon="-118.45528">
        <ele>2701.2</ele>
      </trkpt>
      <trkpt lat="37.13418" lon="-118.45525">
        <ele>2699.89</ele>
      </trkpt>
      <trkpt lat="37.13421" lon="-118.4552">
        <ele>2697.81</ele>
      </trkpt>
      <trkpt lat="37.13428" lon="-118.4552">
        <ele>2699.44</ele>
      </trkpt>
      <trkpt lat="37.13431" lon="-118.45524">
        <ele>2702.97</ele>
      </trkpt>
      <trkpt lat="37.13437" lon="-118.45526">
        <ele>2706.4</ele>
      </trkpt>
      <trkpt lat="37.13442" lon="-118.45525">
        <ele>2707.62</ele>
      </trkpt>
      <trkpt lat="37.13446" lon="-118.45523">
        <ele>2707.88</ele>
      </trkpt>
      <trkpt lat="37.13446" lon="-118.45526">
        <ele>2710.47</ele>
      </trkpt>
      <trkpt lat="37.13444" lon="-118.45529">
        <ele>2711.86</ele>
      </trkpt>
      <trkpt lat="37.13439" lon="-118.45532">
        <ele>2712.03</ele>
      </trkpt>
      <trkpt lat="37.13432" lon="-118.45534">
        <ele>2709.98</ele>
      </trkpt>
      <trkpt lat="37.13427" lon="-118.45535">
        <ele>2707.74</ele>
      </trkpt>
      <trkpt lat="37.13425" lon="-118.45543">
        <ele>2709.57</ele>
      </trkpt>
      <trkpt lat="37.13426" lon="-118.45547">
        <ele>2711.13</ele>
      </trkpt>
      <trkpt lat="37.13429" lon="-118.45549">
        <ele>2713.62</ele>
      </trkpt>
      <trkpt lat="37.13432" lon="-118.45566">
        <ele>2716.85</ele>
      </trkpt>
      <trkpt lat="37.13436" lon="-118.45578">
        <ele>2718.02</ele>
      </trkpt>
      <trkpt lat="37.13443" lon="-118.45595">
        <ele>2720.12</ele>
      </trkpt>
      <trkpt lat="37.13445" lon="-118.45598">
        <ele>2720.66</ele>
      </trkpt>
      <trkpt lat="37.13449" lon="-118.456">
        <ele>2722.17</ele>
      </trkpt>
      <trkpt lat="37.13455" lon="-118.456">
        <ele>2724.62</ele>
      </trkpt>
      <trkpt lat="37.13461" lon="-118.45603">
        <ele>2726.24</ele>
      </trkpt>
      <trkpt lat="37.13468" lon="-118.45605">
        <ele>2728.11</ele>
      </trkpt>
      <trkpt lat="37.13476" lon="-118.4561">
        <ele>2730.28</ele>
      </trkpt>
      <trkpt lat="37.13479" lon="-118.45615">
        <ele>2730.93</ele>
      </trkpt>
      <trkpt lat="37.13486" lon="-118.45616">
        <ele>2733.41</ele>
      </trkpt>
      <trkpt lat="37.13495" lon="-118.45622">
        <ele>2735.49</ele>
      </trkpt>
      <trkpt lat="37.13504" lon="-118.45625">
        <ele>2738.73</ele>
      </trkpt>
      <trkpt lat="37.13517" lon="-118.45635">
        <ele>2741.6</ele>
      </trkpt>
      <trkpt lat="37.13524" lon="-118.45641">
        <ele>2742.78</ele>
      </trkpt>
      <trkpt lat="37.13538" lon="-118.45657">
        <ele>2743.44</ele>
      </trkpt>
      <trkpt lat="37.1355" lon="-118.45666">
        <ele>2744.82</ele>
      </trkpt>
      <trkpt lat="37.13562" lon="-118.45672">
        <ele>2747.18</ele>
      </trkpt>
      <trkpt lat="37.13588" lon="-118.45699">
        <ele>2752.03</ele>
      </trkpt>
      <trkpt lat="37.13597" lon="-118.45706">
        <ele>2753.93</ele>
      </trkpt>
      <trkpt lat="37.13604" lon="-118.45714">
        <ele>2754.47</ele>
      </trkpt>
      <trkpt lat="37.13611" lon="-118.4572">
        <ele>2755.44</ele>
      </trkpt>
      <trkpt lat="37.13619" lon="-118.4573">
        <ele>2755.02</ele>
      </trkpt>
      <trkpt lat="37.13639" lon="-118.4578">
        <ele>2756.79</ele>
      </trkpt>
      <trkpt lat="37.13658" lon="-118.45831">
        <ele>2759.38</ele>
      </trkpt>
      <trkpt lat="37.13674" lon="-118.45873">
        <ele>2765.38</ele>
      </trkpt>
      <trkpt lat="37.13679" lon="-118.45885">
        <ele>2767.0</ele>
      </trkpt>
      <trkpt lat="37.1369" lon="-118.45906">
        <ele>2771.0</ele>
      </trkpt>
      <trkpt lat="37.13695" lon="-118.45916">
        <ele>2773.24</ele>
      </trkpt>
      <trkpt lat="37.13702" lon="-118.45943">
        <ele>2776.26</ele>
      </trkpt>
      <trkpt lat="37.13706" lon="-118.45965">
        <ele>2778.24</ele>
      </trkpt>
      <trkpt lat="37.13712" lon="-118.4598">
        <ele>2781.48</ele>
      </trkpt>
      <trkpt lat="37.13719" lon="-118.46">
        <ele>2785.26</ele>
      </trkpt>
      <trkpt lat="37.13719" lon="-118.46006">
        <ele>2784.84</ele>
      </trkpt>
      <trkpt lat="37.13717" lon="-118.4602">
        <ele>2783.65</ele>
      </trkpt>
      <trkpt lat="37.13717" lon="-118.4603">
        <ele>2783.08</ele>
      </trkpt>
      <trkpt lat="37.13718" lon="-118.46036">
        <ele>2783.24</ele>
      </trkpt>
      <trkpt lat="37.13717" lon="-118.46039">
        <ele>2782.62</ele>
      </trkpt>
      <trkpt lat="37.13712" lon="-118.46049">
        <ele>2779.61</ele>
      </trkpt>
      <trkpt lat="37.1371" lon="-118.46059">
        <ele>2779.29</ele>
      </trkpt>
      <trkpt lat="37.13709" lon="-118.46097">
        <ele>2782.49</ele>
      </trkpt>
      <trkpt lat="37.13709" lon="-118.46116">
        <ele>2783.29</ele>
      </trkpt>
      <trkpt lat="37.13709" lon="-118.46118">
        <ele>2783.29</ele>
      </trkpt>
      <trkpt lat="37.13709" lon="-118.46118">
        <ele>2783.29</ele>
      </trkpt>
      <trkpt lat="37.13709" lon="-118.46129">
        <ele>2784.22</ele>
      </trkpt>
      <trkpt lat="37.13706" lon="-118.46139">
        <ele>2782.99</ele>
      </trkpt>
      <trkpt lat="37.13699" lon="-118.46159">
        <ele>2780.48</ele>
      </trkpt>
      <trkpt lat="37.13697" lon="-118.46182">
        <ele>2779.65</ele>
      </trkpt>
      <trkpt lat="37.13688" lon="-118.46202">
        <ele>2778.3</ele>
      </trkpt>
      <trkpt lat="37.13683" lon="-118.46217">
        <ele>2777.76</ele>
      </trkpt>
      <trkpt lat="37.13678" lon="-118.46238">
        <ele>2778.38</ele>
      </trkpt>
      <trkpt lat="37.13673" lon="-118.46257">
        <ele>2778.68</ele>
      </trkpt>
      <trkpt lat="37.13671" lon="-118.46269">
        <ele>2779.52</ele>
      </trkpt>
      <trkpt lat="37.13671" lon="-118.46283">
        <ele>2781.33</ele>
      </trkpt>
      <trkpt lat="37.13669" lon="-118.46295">
        <ele>2783.08</ele>
      </trkpt>
      <trkpt lat="37.13663" lon="-118.46305">
        <ele>2784.51</ele>
      </trkpt>
      <trkpt lat="37.13655" lon="-118.46315">
        <ele>2785.76</ele>
      </trkpt>
      <trkpt lat="37.13644" lon="-118.46335">
        <ele>2786.81</ele>
      </trkpt>
      <trkpt lat="37.13636" lon="-118.46354">
        <ele>2787.92</ele>
      </trkpt>
      <trkpt lat="37.13622" lon="-118.46392">
        <ele>2789.24</ele>
      </trkpt>
      <trkpt lat="37.1362" lon="-118.46405">
        <ele>2789.67</ele>
      </trkpt>
      <trkpt lat="37.13621" lon="-118.46441">
        <ele>2792.76</ele>
      </trkpt>
      <trkpt lat="37.1362" lon="-118.46469">
        <ele>2794.92</ele>
      </trkpt>
      <trkpt lat="37.13621" lon="-118.46485">
        <ele>2796.52</ele>
      </trkpt>
      <trkpt lat="37.13622" lon="-118.46508">
        <ele>2797.35</ele>
      </trkpt>
      <trkpt lat="37.13619" lon="-118.46522">
        <ele>2797.85</ele>
      </trkpt>
      <trkpt lat="37.13615" lon="-118.46534">
        <ele>2798.09</ele>
      </trkpt>
      <trkpt lat="37.13607" lon="-118.46551">
        <ele>2799.06</ele>
      </trkpt>
      <trkpt lat="37.13601" lon="-118.46562">
        <ele>2799.6</ele>
      </trkpt>
      <trkpt lat="37.13595" lon="-118.46568">
        <ele>2799.35</ele>
      </trkpt>
      <trkpt lat="37.13589" lon="-118.46579">
        <ele>2799.14</ele>
      </trkpt>
      <trkpt lat="37.13588" lon="-118.46586">
        <ele>2799.5</ele>
      </trkpt>
      <trkpt lat="37.13588" lon="-118.46593">
        <ele>2799.53</ele>
      </trkpt>
      <trkpt lat="37.13589" lon="-118.46602">
        <ele>2800.23</ele>
      </trkpt>
      <trkpt lat="37.13588" lon="-118.46608">
        <ele>2800.34</ele>
      </trkpt>
      <trkpt lat="37.13586" lon="-118.46611">
        <ele>2800.28</ele>
      </trkpt>
      <trkpt lat="37.13583" lon="-118.46612">
        <ele>2800.1</ele>
      </trkpt>
      <trkpt lat="37.13576" lon="-118.46617">
        <ele>2800.64</ele>
      </trkpt>
      <trkpt lat="37.1357" lon="-118.46624">
        <ele>2801.39</ele>
      </trkpt>
      <trkpt lat="37.13556" lon="-118.46645">
        <ele>2804.37</ele>
      </trkpt>
      <trkpt lat="37.13553" lon="-118.46653">
        <ele>2805.63</ele>
      </trkpt>
      <trkpt lat="37.13551" lon="-118.46665">
        <ele>2807.24</ele>
      </trkpt>
      <trkpt lat="37.13544" lon="-118.46686">
        <ele>2809.91</ele>
      </trkpt>
      <trkpt lat="37.13542" lon="-118.46696">
        <ele>2811.24</ele>
      </trkpt>
      <trkpt lat="37.13541" lon="-118.46708">
        <ele>2812.32</ele>
      </trkpt>
      <trkpt lat="37.1354" lon="-118.46716">
        <ele>2812.97</ele>
      </trkpt>
      <trkpt lat="37.13539" lon="-118.46722">
        <ele>2813.4</ele>
      </trkpt>
      <trkpt lat="37.1354" lon="-118.46736">
        <ele>2815.81</ele>
      </trkpt>
      <trkpt lat="37.13538" lon="-118.46754">
        <ele>2816.64</ele>
      </trkpt>
      <trkpt lat="37.13539" lon="-118.46758">
        <ele>2817.29</ele>
      </trkpt>
      <trkpt lat="37.13542" lon="-118.46764">
        <ele>2818.07</ele>
      </trkpt>
      <trkpt lat="37.13544" lon="-118.46772">
        <ele>2818.6</ele>
      </trkpt>
      <trkpt lat="37.13544" lon="-118.46781">
        <ele>2818.75</ele>
      </trkpt>
      <trkpt lat="37.13543" lon="-118.46786">
        <ele>2818.64</ele>
      </trkpt>
      <trkpt lat="37.13543" lon="-118.468">
        <ele>2819.4</ele>
      </trkpt>
      <trkpt lat="37.13542" lon="-118.46807">
        <ele>2820.24</ele>
      </trkpt>
      <trkpt lat="37.1354" lon="-118.46811">
        <ele>2820.78</ele>
      </trkpt>
      <trkpt lat="37.13537" lon="-118.46814">
        <ele>2820.91</ele>
      </trkpt>
      <trkpt lat="37.13533" lon="-118.46821">
        <ele>2822.71</ele>
      </trkpt>
      <trkpt lat="37.13527" lon="-118.46828">
        <ele>2823.68</ele>
      </trkpt>
      <trkpt lat="37.13519" lon="-118.46831">
        <ele>2822.6</ele>
      </trkpt>
      <trkpt lat="37.1351" lon="-118.46828">
        <ele>2820.54</ele>
      </trkpt>
      <trkpt lat="37.13508" lon="-118.46828">
        <ele>2820.23</ele>
      </trkpt>
      <trkpt lat="37.13505" lon="-118.46832">
        <ele>2820.0</ele>
      </trkpt>
      <trkpt lat="37.13505" lon="-118.46837">
        <ele>2820.48</ele>
      </trkpt>
      <trkpt lat="37.13507" lon="-118.4684">
        <ele>2821.23</ele>
      </trkpt>
      <trkpt lat="37.13511" lon="-118.46844">
        <ele>2822.59</ele>
      </trkpt>
      <trkpt lat="37.13515" lon="-118.46846">
        <ele>2824.09</ele>
      </trkpt>
      <trkpt lat="37.13521" lon="-118.46848">
        <ele>2826.01</ele>
      </trkpt>
      <trkpt lat="37.13527" lon="-118.46849">
        <ele>2827.24</ele>
      </trkpt>
      <trkpt lat="37.13527" lon="-118.46851">
        <ele>2827.66</ele>
      </trkpt>
      <trkpt lat="37.13522" lon="-118.46855">
        <ele>2826.88</ele>
      </trkpt>
      <trkpt lat="37.13516" lon="-118.46862">
        <ele>2825.35</ele>
      </trkpt>
      <trkpt lat="37.13515" lon="-118.46864">
        <ele>2825.37</ele>
      </trkpt>
      <trkpt lat="37.13516" lon="-118.46865">
        <ele>2825.91</ele>
      </trkpt>
      <trkpt lat="37.13521" lon="-118.46865">
        <ele>2827.64</ele>
      </trkpt>
      <trkpt lat="37.13523" lon="-118.46865">
        <ele>2828.29</ele>
      </trkpt>
      <trkpt lat="37.13524" lon="-118.46868">
        <ele>2829.26</ele>
      </trkpt>
      <trkpt lat="37.13526" lon="-118.46869">
        <ele>2830.13</ele>
      </trkpt>
      <trkpt lat="37.13528" lon="-118.46868">
        <ele>2830.56</ele>
      </trkpt>
      <trkpt lat="37.1353" lon="-118.46867">
        <ele>2830.99</ele>
      </trkpt>
      <trkpt lat="37.13532" lon="-118.46869">
        <ele>2832.07</ele>
      </trkpt>
      <trkpt lat="37.13532" lon="-118.46872">
        <ele>2832.72</ele>
      </trkpt>
      <trkpt lat="37.13529" lon="-118.46882">
        <ele>2833.91</ele>
      </trkpt>
      <trkpt lat="37.13528" lon="-118.46887">
        <ele>2834.66</ele>
      </trkpt>
      <trkpt lat="37.13528" lon="-118.46895">
        <ele>2836.39</ele>
      </trkpt>
      <trkpt lat="37.13526" lon="-118.46907">
        <ele>2838.71</ele>
      </trkpt>
      <trkpt lat="37.13528" lon="-118.46938">
        <ele>2846.68</ele>
      </trkpt>
      <trkpt lat="37.13531" lon="-118.46946">
        <ele>2849.38</ele>
      </trkpt>
      <trkpt lat="37.13534" lon="-118.46955">
        <ele>2852.2</ele>
      </trkpt>
      <trkpt lat="37.13535" lon="-118.46965">
        <ele>2853.83</ele>
      </trkpt>
      <trkpt lat="37.13535" lon="-118.46974">
        <ele>2854.97</ele>
      </trkpt>
      <trkpt lat="37.13533" lon="-118.46981">
        <ele>2855.51</ele>
      </trkpt>
      <trkpt lat="37.13531" lon="-118.46983">
        <ele>2855.68</ele>
      </trkpt>
      <trkpt lat="37.13525" lon="-118.46985">
        <ele>2855.46</ele>
      </trkpt>
      <trkpt lat="37.13498" lon="-118.46999">
        <ele>2856.78</ele>
      </trkpt>
      <trkpt lat="37.13488" lon="-118.47003">
        <ele>2857.12</ele>
      </trkpt>
      <trkpt lat="37.13477" lon="-118.47004">
        <ele>2856.65</ele>
      </trkpt>
      <trkpt lat="37.13463" lon="-118.47003">
        <ele>2856.65</ele>
      </trkpt>
      <trkpt lat="37.13446" lon="-118.47003">
        <ele>2858.43</ele>
      </trkpt>
      <trkpt lat="37.13441" lon="-118.47004">
        <ele>2859.61</ele>
      </trkpt>
      <trkpt lat="37.1344" lon="-118.4701">
        <ele>2861.04</ele>
      </trkpt>
      <trkpt lat="37.13439" lon="-118.47019">
        <ele>2862.28</ele>
      </trkpt>
      <trkpt lat="37.13442" lon="-118.47025">
        <ele>2862.93</ele>
      </trkpt>
      <trkpt lat="37.13446" lon="-118.4703">
        <ele>2862.9</ele>
      </trkpt>
      <trkpt lat="37.13452" lon="-118.47039">
        <ele>2862.62</ele>
      </trkpt>
      <trkpt lat="37.13452" lon="-118.47043">
        <ele>2863.13</ele>
      </trkpt>
      <trkpt lat="37.1345" lon="-118.47044">
        <ele>2863.85</ele>
      </trkpt>
      <trkpt lat="37.1344" lon="-118.4704">
        <ele>2865.6</ele>
      </trkpt>
      <trkpt lat="37.1342" lon="-118.47038">
        <ele>2869.53</ele>
      </trkpt>
      <trkpt lat="37.13411" lon="-118.47038">
        <ele>2870.82</ele>
      </trkpt>
      <trkpt lat="37.13402" lon="-118.47039">
        <ele>2872.01</ele>
      </trkpt>
      <trkpt lat="37.13394" lon="-118.47043">
        <ele>2873.74</ele>
      </trkpt>
      <trkpt lat="37.13384" lon="-118.47047">
        <ele>2875.15</ele>
      </trkpt>
      <trkpt lat="37.13374" lon="-118.47056">
        <ele>2877.1</ele>
      </trkpt>
      <trkpt lat="37.13367" lon="-118.47062">
        <ele>2878.39</ele>
      </trkpt>
      <trkpt lat="37.1336" lon="-118.47066">
        <ele>2879.14</ele>
      </trkpt>
      <trkpt lat="37.13346" lon="-118.4708">
        <ele>2880.88</ele>
      </trkpt>
      <trkpt lat="37.13337" lon="-118.4709">
        <ele>2882.01</ele>
      </trkpt>
      <trkpt lat="37.13326" lon="-118.47111">
        <ele>2887.76</ele>
      </trkpt>
      <trkpt lat="37.13319" lon="-118.47121">
        <ele>2890.14</ele>
      </trkpt>
      <trkpt lat="37.13312" lon="-118.47129">
        <ele>2891.88</ele>
      </trkpt>
      <trkpt lat="37.13304" lon="-118.47133">
        <ele>2892.73</ele>
      </trkpt>
      <trkpt lat="37.13297" lon="-118.47135">
        <ele>2893.16</ele>
      </trkpt>
      <trkpt lat="37.13289" lon="-118.47135">
        <ele>2893.16</ele>
      </trkpt>
      <trkpt lat="37.13274" lon="-118.4714">
        <ele>2893.24</ele>
      </trkpt>
      <trkpt lat="37.13264" lon="-118.47148">
        <ele>2894.49</ele>
      </trkpt>
      <trkpt lat="37.13258" lon="-118.47154">
        <ele>2894.58</ele>
      </trkpt>
      <trkpt lat="37.13258" lon="-118.47159">
        <ele>2895.32</ele>
      </trkpt>
      <trkpt lat="37.13261" lon="-118.47161">
        <ele>2895.96</ele>
      </trkpt>
      <trkpt lat="37.13271" lon="-118.47156">
        <ele>2896.08</ele>
      </trkpt>
      <trkpt lat="37.13273" lon="-118.47158">
        <ele>2896.61</ele>
      </trkpt>
      <trkpt lat="37.13274" lon="-118.4716">
        <ele>2897.15</ele>
      </trkpt>
      <trkpt lat="37.13273" lon="-118.47162">
        <ele>2897.48</ele>
      </trkpt>
      <trkpt lat="37.1327" lon="-118.47165">
        <ele>2897.8</ele>
      </trkpt>
      <trkpt lat="37.13254" lon="-118.47179">
        <ele>2899.1</ele>
      </trkpt>
      <trkpt lat="37.13235" lon="-118.472">
        <ele>2901.21</ele>
      </trkpt>
      <trkpt lat="37.13217" lon="-118.47215">
        <ele>2902.07</ele>
      </trkpt>
      <trkpt lat="37.13212" lon="-118.4722">
        <ele>2902.34</ele>
      </trkpt>
      <trkpt lat="37.13206" lon="-118.47224">
        <ele>2902.12</ele>
      </trkpt>
      <trkpt lat="37.13199" lon="-118.47226">
        <ele>2901.81</ele>
      </trkpt>
      <trkpt lat="37.13192" lon="-118.47227">
        <ele>2901.64</ele>
      </trkpt>
      <trkpt lat="37.13184" lon="-118.47225">
        <ele>2902.37</ele>
      </trkpt>
      <trkpt lat="37.13174" lon="-118.47226">
        <ele>2906.35</ele>
      </trkpt>
      <trkpt lat="37.13153" lon="-118.47236">
        <ele>2920.43</ele>
      </trkpt>
      <trkpt lat="37.13146" lon="-118.47242">
        <ele>2923.14</ele>
      </trkpt>
      <trkpt lat="37.13134" lon="-118.47248">
        <ele>2923.03</ele>
      </trkpt>
      <trkpt lat="37.13133" lon="-118.4725">
        <ele>2923.36</ele>
      </trkpt>
      <trkpt lat="37.13133" lon="-118.47251">
        <ele>2923.43</ele>
      </trkpt>
      <trkpt lat="37.13138" lon="-118.47251">
        <ele>2923.91</ele>
      </trkpt>
      <trkpt lat="37.13144" lon="-118.47251">
        <ele>2924.0</ele>
      </trkpt>
      <trkpt lat="37.13151" lon="-118.47253">
        <ele>2923.79</ele>
      </trkpt>
      <trkpt lat="37.13154" lon="-118.47256">
        <ele>2923.78</ele>
      </trkpt>
      <trkpt lat="37.13154" lon="-118.47264">
        <ele>2924.19</ele>
      </trkpt>
      <trkpt lat="37.13152" lon="-118.47286">
        <ele>2924.58</ele>
      </trkpt>
      <trkpt lat="37.13146" lon="-118.47303">
        <ele>2925.4</ele>
      </trkpt>
      <trkpt lat="37.13135" lon="-118.47315">
        <ele>2927.44</ele>
      </trkpt>
      <trkpt lat="37.13124" lon="-118.47322">
        <ele>2929.38</ele>
      </trkpt>
      <trkpt lat="37.13102" lon="-118.4733">
        <ele>2931.62</ele>
      </trkpt>
      <trkpt lat="37.13084" lon="-118.47331">
        <ele>2933.44</ele>
      </trkpt>
      <trkpt lat="37.13062" lon="-118.47334">
        <ele>2936.45</ele>
      </trkpt>
      <trkpt lat="37.13049" lon="-118.47333">
        <ele>2937.67</ele>
      </trkpt>
      <trkpt lat="37.1304" lon="-118.47328">
        <ele>2937.71</ele>
      </trkpt>
      <trkpt lat="37.1303" lon="-118.47322">
        <ele>2937.54</ele>
      </trkpt>
      <trkpt lat="37.13024" lon="-118.47321">
        <ele>2937.67</ele>
      </trkpt>
      <trkpt lat="37.13018" lon="-118.47323">
        <ele>2937.94</ele>
      </trkpt>
      <trkpt lat="37.13011" lon="-118.47322">
        <ele>2938.59</ele>
      </trkpt>
      <trkpt lat="37.13002" lon="-118.47317">
        <ele>2938.42</ele>
      </trkpt>
      <trkpt lat="37.12993" lon="-118.47314">
        <ele>2936.96</ele>
      </trkpt>
      <trkpt lat="37.1299" lon="-118.47315">
        <ele>2936.8</ele>
      </trkpt>
      <trkpt lat="37.1298" lon="-118.47328">
        <ele>2936.82</ele>
      </trkpt>
      <trkpt lat="37.1297" lon="-118.47334">
        <ele>2934.96</ele>
      </trkpt>
      <trkpt lat="37.12964" lon="-118.4734">
        <ele>2935.63</ele>
      </trkpt>
      <trkpt lat="37.12962" lon="-118.47345">
        <ele>2936.39</ele>
      </trkpt>
      <trkpt lat="37.12964" lon="-118.47354">
        <ele>2938.57</ele>
      </trkpt>
      <trkpt lat="37.12969" lon="-118.47364">
        <ele>2941.38</ele>
      </trkpt>
      <trkpt lat="37.12976" lon="-118.47384">
        <ele>2942.82</ele>
      </trkpt>
      <trkpt lat="37.12975" lon="-118.4739">
        <ele>2942.6</ele>
      </trkpt>
      <trkpt lat="37.12957" lon="-118.4742">
        <ele>2941.2</ele>
      </trkpt>
      <trkpt lat="37.12944" lon="-118.47444">
        <ele>2944.76</ele>
      </trkpt>
      <trkpt lat="37.12932" lon="-118.47471">
        <ele>2948.7</ele>
      </trkpt>
      <trkpt lat="37.12926" lon="-118.47481">
        <ele>2949.87</ele>
      </trkpt>
      <trkpt lat="37.12905" lon="-118.47492">
        <ele>2947.01</ele>
      </trkpt>
      <trkpt lat="37.1289" lon="-118.47501">
        <ele>2947.34</ele>
      </trkpt>
      <trkpt lat="37.1289" lon="-118.47507">
        <ele>2948.63</ele>
      </trkpt>
      <trkpt lat="37.1289" lon="-118.47511">
        <ele>2949.5</ele>
      </trkpt>
      <trkpt lat="37.12873" lon="-118.4754">
        <ele>2952.21</ele>
      </trkpt>
      <trkpt lat="37.12865" lon="-118.47551">
        <ele>2952.28</ele>
      </trkpt>
      <trkpt lat="37.12862" lon="-118.4756">
        <ele>2953.25</ele>
      </trkpt>
      <trkpt lat="37.12859" lon="-118.47591">
        <ele>2959.61</ele>
      </trkpt>
      <trkpt lat="37.12856" lon="-118.47604">
        <ele>2961.26</ele>
      </trkpt>
      <trkpt lat="37.12854" lon="-118.4762">
        <ele>2963.63</ele>
      </trkpt>
      <trkpt lat="37.1285" lon="-118.4763">
        <ele>2964.27</ele>
      </trkpt>
      <trkpt lat="37.12846" lon="-118.47645">
        <ele>2964.74</ele>
      </trkpt>
      <trkpt lat="37.12845" lon="-118.47669">
        <ele>2967.66</ele>
      </trkpt>
      <trkpt lat="37.1285" lon="-118.47698">
        <ele>2974.82</ele>
      </trkpt>
      <trkpt lat="37.12847" lon="-118.4772">
        <ele>2970.45</ele>
      </trkpt>
      <trkpt lat="37.12845" lon="-118.47744">
        <ele>2967.73</ele>
      </trkpt>
      <trkpt lat="37.12845" lon="-118.47759">
        <ele>2966.59</ele>
      </trkpt>
      <trkpt lat="37.1285" lon="-118.47803">
        <ele>2963.5</ele>
      </trkpt>
      <trkpt lat="37.12857" lon="-118.47836">
        <ele>2964.34</ele>
      </trkpt>
      <trkpt lat="37.12861" lon="-118.47853">
        <ele>2967.92</ele>
      </trkpt>
      <trkpt lat="37.12859" lon="-118.47888">
        <ele>2967.43</ele>
      </trkpt>
      <trkpt lat="37.12851" lon="-118.47905">
        <ele>2962.46</ele>
      </trkpt>
      <trkpt lat="37.12851" lon="-118.47912">
        <ele>2963.67</ele>
      </trkpt>
      <trkpt lat="37.12853" lon="-118.47918">
        <ele>2966.03</ele>
      </trkpt>
      <trkpt lat="37.12856" lon="-118.4793">
        <ele>2970.13</ele>
      </trkpt>
      <trkpt lat="37.12859" lon="-118.47947">
        <ele>2974.4</ele>
      </trkpt>
      <trkpt lat="37.12863" lon="-118.47965">
        <ele>2977.38</ele>
      </trkpt>
      <trkpt lat="37.12864" lon="-118.47977">
        <ele>2977.36</ele>
      </trkpt>
      <trkpt lat="37.12866" lon="-118.47992">
        <ele>2976.96</ele>
      </trkpt>
      <trkpt lat="37.12871" lon="-118.48012">
        <ele>2976.75</ele>
      </trkpt>
      <trkpt lat="37.12878" lon="-118.48032">
        <ele>2976.46</ele>
      </trkpt>
      <trkpt lat="37.12886" lon="-118.48041">
        <ele>2977.34</ele>
      </trkpt>
      <trkpt lat="37.12899" lon="-118.48051">
        <ele>2978.67</ele>
      </trkpt>
      <trkpt lat="37.129" lon="-118.48054">
        <ele>2978.44</ele>
      </trkpt>
      <trkpt lat="37.12899" lon="-118.48054">
        <ele>2978.29</ele>
      </trkpt>
      <trkpt lat="37.12893" lon="-118.48055">
        <ele>2976.95</ele>
      </trkpt>
      <trkpt lat="37.12894" lon="-118.48058">
        <ele>2977.22</ele>
      </trkpt>
      <trkpt lat="37.12897" lon="-118.48059">
        <ele>2977.8</ele>
      </trkpt>
      <trkpt lat="37.12899" lon="-118.48063">
        <ele>2978.09</ele>
      </trkpt>
      <trkpt lat="37.12902" lon="-118.48067">
        <ele>2978.79</ele>
      </trkpt>
      <trkpt lat="37.12911" lon="-118.48088">
        <ele>2980.92</ele>
      </trkpt>
      <trkpt lat="37.12914" lon="-118.48093">
        <ele>2980.62</ele>
      </trkpt>
      <trkpt lat="37.12915" lon="-118.481">
        <ele>2981.16</ele>
      </trkpt>
      <trkpt lat="37.12912" lon="-118.481">
        <ele>2981.81</ele>
      </trkpt>
      <trkpt lat="37.12908" lon="-118.48099">
        <ele>2982.56</ele>
      </trkpt>
      <trkpt lat="37.12905" lon="-118.48094">
        <ele>2982.45</ele>
      </trkpt>
      <trkpt lat="37.12904" lon="-118.4809">
        <ele>2982.09</ele>
      </trkpt>
      <trkpt lat="37.129" lon="-118.48086">
        <ele>2982.09</ele>
      </trkpt>
      <trkpt lat="37.12895" lon="-118.48077">
        <ele>2980.74</ele>
      </trkpt>
      <trkpt lat="37.12892" lon="-118.48071">
        <ele>2979.12</ele>
      </trkpt>
      <trkpt lat="37.12888" lon="-118.48067">
        <ele>2977.73</ele>
      </trkpt>
      <trkpt lat="37.12883" lon="-118.48067">
        <ele>2977.86</ele>
      </trkpt>
      <trkpt lat="37.12879" lon="-118.48068">
        <ele>2978.31</ele>
      </trkpt>
      <trkpt lat="37.12876" lon="-118.48071">
        <ele>2979.28</ele>
      </trkpt>
      <trkpt lat="37.1287" lon="-118.48078">
        <ele>2981.22</ele>
      </trkpt>
      <trkpt lat="37.12868" lon="-118.48083">
        <ele>2982.39</ele>
      </trkpt>
      <trkpt lat="37.12867" lon="-118.48088">
        <ele>2982.96</ele>
      </trkpt>
      <trkpt lat="37.12867" lon="-118.48091">
        <ele>2983.4</ele>
      </trkpt>
      <trkpt lat="37.12868" lon="-118.48094">
        <ele>2984.05</ele>
      </trkpt>
      <trkpt lat="37.1287" lon="-118.48097">
        <ele>2984.91</ele>
      </trkpt>
      <trkpt lat="37.12873" lon="-118.48096">
        <ele>2984.92</ele>
      </trkpt>
      <trkpt lat="37.12877" lon="-118.48094">
        <ele>2984.91</ele>
      </trkpt>
      <trkpt lat="37.12879" lon="-118.48086">
        <ele>2983.56</ele>
      </trkpt>
      <trkpt lat="37.12881" lon="-118.48084">
        <ele>2983.13</ele>
      </trkpt>
      <trkpt lat="37.12884" lon="-118.48085">
        <ele>2983.28</ele>
      </trkpt>
      <trkpt lat="37.12887" lon="-118.48091">
        <ele>2984.0</ele>
      </trkpt>
      <trkpt lat="37.12889" lon="-118.48103">
        <ele>2986.11</ele>
      </trkpt>
      <trkpt lat="37.1289" lon="-118.48113">
        <ele>2987.47</ele>
      </trkpt>
      <trkpt lat="37.12892" lon="-118.48126">
        <ele>2990.75</ele>
      </trkpt>
      <trkpt lat="37.12895" lon="-118.48135">
        <ele>2992.7</ele>
      </trkpt>
      <trkpt lat="37.12897" lon="-118.48145">
        <ele>2995.23</ele>
      </trkpt>
      <trkpt lat="37.12905" lon="-118.48162">
        <ele>2996.77</ele>
      </trkpt>
      <trkpt lat="37.12909" lon="-118.48168">
        <ele>2996.94</ele>
      </trkpt>
      <trkpt lat="37.12913" lon="-118.48172">
        <ele>2996.94</ele>
      </trkpt>
      <trkpt lat="37.12919" lon="-118.48173">
        <ele>2996.12</ele>
      </trkpt>
      <trkpt lat="37.12922" lon="-118.48172">
        <ele>2995.58</ele>
      </trkpt>
      <trkpt lat="37.12924" lon="-118.48173">
        <ele>2995.58</ele>
      </trkpt>
      <trkpt lat="37.12927" lon="-118.48173">
        <ele>2995.79</ele>
      </trkpt>
      <trkpt lat="37.12931" lon="-118.48181">
        <ele>2997.89</ele>
      </trkpt>
      <trkpt lat="37.1294" lon="-118.48203">
        <ele>3005.93</ele>
      </trkpt>
      <trkpt lat="37.12943" lon="-118.48207">
        <ele>3009.13</ele>
      </trkpt>
      <trkpt lat="37.12948" lon="-118.48215">
        <ele>3014.14</ele>
      </trkpt>
      <trkpt lat="37.12954" lon="-118.48218">
        <ele>3017.75</ele>
      </trkpt>
      <trkpt lat="37.12958" lon="-118.48219">
        <ele>3020.6</ele>
      </trkpt>
      <trkpt lat="37.12962" lon="-118.48217">
        <ele>3023.32</ele>
      </trkpt>
      <trkpt lat="37.12964" lon="-118.48211">
        <ele>3024.9</ele>
      </trkpt>
      <trkpt lat="37.12967" lon="-118.48191">
        <ele>3027.05</ele>
      </trkpt>
      <trkpt lat="37.12968" lon="-118.48185">
        <ele>3027.79</ele>
      </trkpt>
      <trkpt lat="37.12968" lon="-118.48182">
        <ele>3027.46</ele>
      </trkpt>
      <trkpt lat="37.1297" lon="-118.48181">
        <ele>3028.87</ele>
      </trkpt>
      <trkpt lat="37.12971" lon="-118.48184">
        <ele>3029.95</ele>
      </trkpt>
      <trkpt lat="37.1297" lon="-118.48194">
        <ele>3029.32</ele>
      </trkpt>
      <trkpt lat="37.12974" lon="-118.48212">
        <ele>3033.52</ele>
      </trkpt>
      <trkpt lat="37.12976" lon="-118.48227">
        <ele>3035.26</ele>
      </trkpt>
      <trkpt lat="37.12974" lon="-118.4826">
        <ele>3032.65</ele>
      </trkpt>
      <trkpt lat="37.12975" lon="-118.48277">
        <ele>3031.78</ele>
      </trkpt>
      <trkpt lat="37.12977" lon="-118.48301">
        <ele>3033.38</ele>
      </trkpt>
      <trkpt lat="37.12965" lon="-118.48342">
        <ele>3038.18</ele>
      </trkpt>
      <trkpt lat="37.12956" lon="-118.48354">
        <ele>3036.7</ele>
      </trkpt>
      <trkpt lat="37.12955" lon="-118.48357">
        <ele>3036.81</ele>
      </trkpt>
      <trkpt lat="37.12956" lon="-118.4836">
        <ele>3038.0</ele>
      </trkpt>
      <trkpt lat="37.12959" lon="-118.4836">
        <ele>3039.62</ele>
      </trkpt>
      <trkpt lat="37.12961" lon="-118.48359">
        <ele>3040.48</ele>
      </trkpt>
      <trkpt lat="37.12964" lon="-118.48356">
        <ele>3041.34</ele>
      </trkpt>
      <trkpt lat="37.12966" lon="-118.48355">
        <ele>3041.99</ele>
      </trkpt>
      <trkpt lat="37.12969" lon="-118.48355">
        <ele>3043.29</ele>
      </trkpt>
      <trkpt lat="37.1297" lon="-118.48359">
        <ele>3044.58</ele>
      </trkpt>
      <trkpt lat="37.12968" lon="-118.48368">
        <ele>3044.92</ele>
      </trkpt>
      <trkpt lat="37.12965" lon="-118.48379">
        <ele>3045.02</ele>
      </trkpt>
      <trkpt lat="37.12962" lon="-118.4839">
        <ele>3044.7</ele>
      </trkpt>
      <trkpt lat="37.12956" lon="-118.48424">
        <ele>3043.99</ele>
      </trkpt>
      <trkpt lat="37.1295" lon="-118.48444">
        <ele>3041.35</ele>
      </trkpt>
      <trkpt lat="37.12947" lon="-118.48449">
        <ele>3041.09</ele>
      </trkpt>
      <trkpt lat="37.12942" lon="-118.48452">
        <ele>3040.42</ele>
      </trkpt>
      <trkpt lat="37.12938" lon="-118.48452">
        <ele>3040.06</ele>
      </trkpt>
      <trkpt lat="37.12934" lon="-118.48452">
        <ele>3039.97</ele>
      </trkpt>
      <trkpt lat="37.12928" lon="-118.48448">
        <ele>3040.64</ele>
      </trkpt>
      <trkpt lat="37.12923" lon="-118.48445">
        <ele>3041.65</ele>
      </trkpt>
      <trkpt lat="37.1292" lon="-118.48442">
        <ele>3042.18</ele>
      </trkpt>
      <trkpt lat="37.12918" lon="-118.48429">
        <ele>3041.9</ele>
      </trkpt>
      <trkpt lat="37.12917" lon="-118.48428">
        <ele>3042.12</ele>
      </trkpt>
      <trkpt lat="37.12912" lon="-118.48444">
        <ele>3044.51</ele>
      </trkpt>
      <trkpt lat="37.12908" lon="-118.48456">
        <ele>3047.04</ele>
      </trkpt>
      <trkpt lat="37.12904" lon="-118.48459">
        <ele>3048.83</ele>
      </trkpt>
      <trkpt lat="37.12899" lon="-118.48461">
        <ele>3050.7</ele>
      </trkpt>
      <trkpt lat="37.12894" lon="-118.48465">
        <ele>3052.69</ele>
      </trkpt>
      <trkpt lat="37.12878" lon="-118.48475">
        <ele>3056.88</ele>
      </trkpt>
      <trkpt lat="37.12856" lon="-118.48479">
        <ele>3058.67</ele>
      </trkpt>
      <trkpt lat="37.12851" lon="-118.48483">
        <ele>3059.0</ele>
      </trkpt>
      <trkpt lat="37.12823" lon="-118.48531">
        <ele>3061.46</ele>
      </trkpt>
      <trkpt lat="37.12817" lon="-118.48547">
        <ele>3060.24</ele>
      </trkpt>
      <trkpt lat="37.12805" lon="-118.48568">
        <ele>3059.28</ele>
      </trkpt>
      <trkpt lat="37.12799" lon="-118.48577">
        <ele>3059.92</ele>
      </trkpt>
      <trkpt lat="37.12787" lon="-118.48585">
        <ele>3060.36</ele>
      </trkpt>
      <trkpt lat="37.12774" lon="-118.4859">
        <ele>3060.03</ele>
      </trkpt>
      <trkpt lat="37.12759" lon="-118.48592">
        <ele>3058.87</ele>
      </trkpt>
      <trkpt lat="37.12745" lon="-118.48589">
        <ele>3058.01</ele>
      </trkpt>
      <trkpt lat="37.12732" lon="-118.48582">
        <ele>3054.76</ele>
      </trkpt>
      <trkpt lat="37.12725" lon="-118.48577">
        <ele>3053.85</ele>
      </trkpt>
      <trkpt lat="37.12717" lon="-118.48572">
        <ele>3052.33</ele>
      </trkpt>
      <trkpt lat="37.12712" lon="-118.48571">
        <ele>3052.07</ele>
      </trkpt>
      <trkpt lat="37.12709" lon="-118.48571">
        <ele>3052.29</ele>
      </trkpt>
      <trkpt lat="37.12708" lon="-118.48574">
        <ele>3053.51</ele>
      </trkpt>
      <trkpt lat="37.12709" lon="-118.48578">
        <ele>3054.94</ele>
      </trkpt>
      <trkpt lat="37.12713" lon="-118.48585">
        <ele>3057.72</ele>
      </trkpt>
      <trkpt lat="37.12714" lon="-118.48587">
        <ele>3058.47</ele>
      </trkpt>
      <trkpt lat="37.12712" lon="-118.48589">
        <ele>3059.45</ele>
      </trkpt>
      <trkpt lat="37.12709" lon="-118.48589">
        <ele>3059.45</ele>
      </trkpt>
      <trkpt lat="37.12703" lon="-118.48587">
        <ele>3058.66</ele>
      </trkpt>
      <trkpt lat="37.12702" lon="-118.48586">
        <ele>3058.34</ele>
      </trkpt>
      <trkpt lat="37.12699" lon="-118.48586">
        <ele>3058.66</ele>
      </trkpt>
      <trkpt lat="37.12697" lon="-118.48586">
        <ele>3058.88</ele>
      </trkpt>
      <trkpt lat="37.12696" lon="-118.48587">
        <ele>3059.42</ele>
      </trkpt>
      <trkpt lat="37.12697" lon="-118.48589">
        <ele>3060.17</ele>
      </trkpt>
      <trkpt lat="37.127" lon="-118.48596">
        <ele>3062.72</ele>
      </trkpt>
      <trkpt lat="37.127" lon="-118.486">
        <ele>3064.28</ele>
      </trkpt>
      <trkpt lat="37.12696" lon="-118.48601">
        <ele>3064.71</ele>
      </trkpt>
      <trkpt lat="37.12689" lon="-118.48604">
        <ele>3065.7</ele>
      </trkpt>
      <trkpt lat="37.1268" lon="-118.48613">
        <ele>3068.7</ele>
      </trkpt>
      <trkpt lat="37.12671" lon="-118.4862">
        <ele>3070.88</ele>
      </trkpt>
      <trkpt lat="37.12664" lon="-118.48624">
        <ele>3071.89</ele>
      </trkpt>
      <trkpt lat="37.12657" lon="-118.48623">
        <ele>3070.84</ele>
      </trkpt>
      <trkpt lat="37.12649" lon="-118.48619">
        <ele>3069.56</ele>
      </trkpt>
      <trkpt lat="37.12646" lon="-118.48617">
        <ele>3068.68</ele>
      </trkpt>
      <trkpt lat="37.12642" lon="-118.48621">
        <ele>3069.47</ele>
      </trkpt>
      <trkpt lat="37.12638" lon="-118.48627">
        <ele>3070.34</ele>
      </trkpt>
      <trkpt lat="37.12633" lon="-118.48641">
        <ele>3074.05</ele>
      </trkpt>
      <trkpt lat="37.12629" lon="-118.48646">
        <ele>3075.24</ele>
      </trkpt>
      <trkpt lat="37.1262" lon="-118.48653">
        <ele>3076.53</ele>
      </trkpt>
      <trkpt lat="37.12603" lon="-118.48668">
        <ele>3080.29</ele>
      </trkpt>
      <trkpt lat="37.12598" lon="-118.48677">
        <ele>3082.12</ele>
      </trkpt>
      <trkpt lat="37.12593" lon="-118.48689">
        <ele>3083.43</ele>
      </trkpt>
      <trkpt lat="37.12593" lon="-118.48693">
        <ele>3083.88</ele>
      </trkpt>
      <trkpt lat="37.12594" lon="-118.48695">
        <ele>3084.2</ele>
      </trkpt>
      <trkpt lat="37.12596" lon="-118.48697">
        <ele>3084.54</ele>
      </trkpt>
      <trkpt lat="37.12598" lon="-118.48706">
        <ele>3085.0</ele>
      </trkpt>
      <trkpt lat="37.12605" lon="-118.48707">
        <ele>3085.34</ele>
      </trkpt>
      <trkpt lat="37.12609" lon="-118.48706">
        <ele>3085.77</ele>
      </trkpt>
      <trkpt lat="37.12613" lon="-118.48705">
        <ele>3086.03</ele>
      </trkpt>
      <trkpt lat="37.12617" lon="-118.48708">
        <ele>3086.3</ele>
      </trkpt>
      <trkpt lat="37.12621" lon="-118.48711">
        <ele>3086.86</ele>
      </trkpt>
      <trkpt lat="37.12625" lon="-118.48713">
        <ele>3087.5</ele>
      </trkpt>
      <trkpt lat="37.1263" lon="-118.48712">
        <ele>3087.94</ele>
      </trkpt>
      <trkpt lat="37.12634" lon="-118.4871">
        <ele>3088.15</ele>
      </trkpt>
      <trkpt lat="37.1264" lon="-118.48708">
        <ele>3088.7</ele>
      </trkpt>
      <trkpt lat="37.12646" lon="-118.4871">
        <ele>3090.22</ele>
      </trkpt>
      <trkpt lat="37.12649" lon="-118.48712">
        <ele>3091.08</ele>
      </trkpt>
      <trkpt lat="37.1265" lon="-118.48717">
        <ele>3091.4</ele>
      </trkpt>
      <trkpt lat="37.12646" lon="-118.48746">
        <ele>3089.97</ele>
      </trkpt>
      <trkpt lat="37.12642" lon="-118.48757">
        <ele>3087.66</ele>
      </trkpt>
      <trkpt lat="37.12643" lon="-118.48761">
        <ele>3086.96</ele>
      </trkpt>
      <trkpt lat="37.12647" lon="-118.48765">
        <ele>3086.56</ele>
      </trkpt>
      <trkpt lat="37.12656" lon="-118.48769">
        <ele>3087.59</ele>
      </trkpt>
      <trkpt lat="37.12667" lon="-118.48775">
        <ele>3089.71</ele>
      </trkpt>
      <trkpt lat="37.12675" lon="-118.48777">
        <ele>3091.87</ele>
      </trkpt>
      <trkpt lat="37.12686" lon="-118.48783">
        <ele>3095.05</ele>
      </trkpt>
      <trkpt lat="37.12693" lon="-118.48788">
        <ele>3095.67</ele>
      </trkpt>
      <trkpt lat="37.12695" lon="-118.48799">
        <ele>3096.12</ele>
      </trkpt>
      <trkpt lat="37.12694" lon="-118.4881">
        <ele>3095.88</ele>
      </trkpt>
      <trkpt lat="37.12691" lon="-118.4882">
        <ele>3095.61</ele>
      </trkpt>
      <trkpt lat="37.12689" lon="-118.48824">
        <ele>3095.23</ele>
      </trkpt>
      <trkpt lat="37.12684" lon="-118.48827">
        <ele>3093.97</ele>
      </trkpt>
      <trkpt lat="37.12675" lon="-118.48837">
        <ele>3093.14</ele>
      </trkpt>
      <trkpt lat="37.12661" lon="-118.48845">
        <ele>3091.3</ele>
      </trkpt>
      <trkpt lat="37.12656" lon="-118.48853">
        <ele>3091.69</ele>
      </trkpt>
      <trkpt lat="37.12652" lon="-118.48863">
        <ele>3092.12</ele>
      </trkpt>
      <trkpt lat="37.1264" lon="-118.48899">
        <ele>3094.45</ele>
      </trkpt>
      <trkpt lat="37.1264" lon="-118.48908">
        <ele>3095.37</ele>
      </trkpt>
      <trkpt lat="37.12638" lon="-118.48918">
        <ele>3094.84</ele>
      </trkpt>
      <trkpt lat="37.12634" lon="-118.48926">
        <ele>3093.89</ele>
      </trkpt>
      <trkpt lat="37.12628" lon="-118.48938">
        <ele>3092.78</ele>
      </trkpt>
      <trkpt lat="37.12621" lon="-118.48963">
        <ele>3093.14</ele>
      </trkpt>
      <trkpt lat="37.12616" lon="-118.48975">
        <ele>3094.13</ele>
      </trkpt>
      <trkpt lat="37.12606" lon="-118.48986">
        <ele>3094.65</ele>
      </trkpt>
      <trkpt lat="37.12591" lon="-118.48995">
        <ele>3094.75</ele>
      </trkpt>
      <trkpt lat="37.12573" lon="-118.49002">
        <ele>3095.23</ele>
      </trkpt>
      <trkpt lat="37.12561" lon="-118.49005">
        <ele>3094.21</ele>
      </trkpt>
      <trkpt lat="37.12551" lon="-118.49009">
        <ele>3094.42</ele>
      </trkpt>
      <trkpt lat="37.12544" lon="-118.49013">
        <ele>3094.72</ele>
      </trkpt>
      <trkpt lat="37.1254" lon="-118.4902">
        <ele>3096.12</ele>
      </trkpt>
      <trkpt lat="37.12533" lon="-118.4903">
        <ele>3098.18</ele>
      </trkpt>
      <trkpt lat="37.12525" lon="-118.49034">
        <ele>3097.74</ele>
      </trkpt>
      <trkpt lat="37.12521" lon="-118.49038">
        <ele>3097.82</ele>
      </trkpt>
      <trkpt lat="37.12515" lon="-118.49038">
        <ele>3096.93</ele>
      </trkpt>
      <trkpt lat="37.12511" lon="-118.49034">
        <ele>3095.27</ele>
      </trkpt>
      <trkpt lat="37.12506" lon="-118.49032">
        <ele>3093.66</ele>
      </trkpt>
      <trkpt lat="37.12496" lon="-118.49035">
        <ele>3092.57</ele>
      </trkpt>
      <trkpt lat="37.12488" lon="-118.49041">
        <ele>3092.57</ele>
      </trkpt>
      <trkpt lat="37.1248" lon="-118.49049">
        <ele>3092.24</ele>
      </trkpt>
      <trkpt lat="37.12473" lon="-118.49061">
        <ele>3093.69</ele>
      </trkpt>
      <trkpt lat="37.12467" lon="-118.49067">
        <ele>3093.69</ele>
      </trkpt>
      <trkpt lat="37.12463" lon="-118.49067">
        <ele>3091.96</ele>
      </trkpt>
      <trkpt lat="37.12462" lon="-118.4907">
        <ele>3093.03</ele>
      </trkpt>
      <trkpt lat="37.1246" lon="-118.49072">
        <ele>3093.46</ele>
      </trkpt>
      <trkpt lat="37.12455" lon="-118.49072">
        <ele>3092.38</ele>
      </trkpt>
      <trkpt lat="37.12455" lon="-118.49072">
        <ele>3092.38</ele>
      </trkpt>
      <trkpt lat="37.12454" lon="-118.49075">
        <ele>3093.46</ele>
      </trkpt>
      <trkpt lat="37.12442" lon="-118.49075">
        <ele>3092.14</ele>
      </trkpt>
      <trkpt lat="37.12433" lon="-118.49076">
        <ele>3091.36</ele>
      </trkpt>
      <trkpt lat="37.12424" lon="-118.49079">
        <ele>3090.71</ele>
      </trkpt>
      <trkpt lat="37.1242" lon="-118.49082">
        <ele>3091.14</ele>
      </trkpt>
      <trkpt lat="37.12417" lon="-118.49088">
        <ele>3092.1</ele>
      </trkpt>
      <trkpt lat="37.12409" lon="-118.49088">
        <ele>3090.77</ele>
      </trkpt>
      <trkpt lat="37.12406" lon="-118.49093">
        <ele>3092.02</ele>
      </trkpt>
      <trkpt lat="37.12396" lon="-118.49103">
        <ele>3095.14</ele>
      </trkpt>
      <trkpt lat="37.12388" lon="-118.49107">
        <ele>3095.52</ele>
      </trkpt>
      <trkpt lat="37.12367" lon="-118.49143">
        <ele>3100.72</ele>
      </trkpt>
      <trkpt lat="37.12365" lon="-118.49149">
        <ele>3100.97</ele>
      </trkpt>
      <trkpt lat="37.12356" lon="-118.49158">
        <ele>3100.48</ele>
      </trkpt>
      <trkpt lat="37.12339" lon="-118.49178">
        <ele>3101.06</ele>
      </trkpt>
      <trkpt lat="37.12325" lon="-118.49198">
        <ele>3102.91</ele>
      </trkpt>
      <trkpt lat="37.12315" lon="-118.49214">
        <ele>3108.43</ele>
      </trkpt>
      <trkpt lat="37.12308" lon="-118.49223">
        <ele>3114.52</ele>
      </trkpt>
      <trkpt lat="37.12302" lon="-118.49223">
        <ele>3117.54</ele>
      </trkpt>
      <trkpt lat="37.12293" lon="-118.49214">
        <ele>3119.26</ele>
      </trkpt>
      <trkpt lat="37.12281" lon="-118.49205">
        <ele>3113.36</ele>
      </trkpt>
      <trkpt lat="37.12278" lon="-118.4921">
        <ele>3115.74</ele>
      </trkpt>
      <trkpt lat="37.12274" lon="-118.49214">
        <ele>3116.11</ele>
      </trkpt>
      <trkpt lat="37.12262" lon="-118.49218">
        <ele>3115.63</ele>
      </trkpt>
      <trkpt lat="37.12262" lon="-118.49222">
        <ele>3116.93</ele>
      </trkpt>
      <trkpt lat="37.12266" lon="-118.49231">
        <ele>3119.41</ele>
      </trkpt>
      <trkpt lat="37.12273" lon="-118.49235">
        <ele>3119.2</ele>
      </trkpt>
      <trkpt lat="37.12274" lon="-118.49244">
        <ele>3119.9</ele>
      </trkpt>
      <trkpt lat="37.12277" lon="-118.49248">
        <ele>3119.93</ele>
      </trkpt>
      <trkpt lat="37.12281" lon="-118.49258">
        <ele>3120.56</ele>
      </trkpt>
      <trkpt lat="37.12282" lon="-118.49266">
        <ele>3121.27</ele>
      </trkpt>
      <trkpt lat="37.12281" lon="-118.49273">
        <ele>3121.97</ele>
      </trkpt>
      <trkpt lat="37.1228" lon="-118.49284">
        <ele>3125.23</ele>
      </trkpt>
      <trkpt lat="37.12283" lon="-118.49291">
        <ele>3125.98</ele>
      </trkpt>
      <trkpt lat="37.12285" lon="-118.49298">
        <ele>3125.83</ele>
      </trkpt>
      <trkpt lat="37.12294" lon="-118.49309">
        <ele>3125.26</ele>
      </trkpt>
      <trkpt lat="37.12304" lon="-118.49316">
        <ele>3127.96</ele>
      </trkpt>
      <trkpt lat="37.12315" lon="-118.49334">
        <ele>3135.16</ele>
      </trkpt>
      <trkpt lat="37.12316" lon="-118.49342">
        <ele>3136.88</ele>
      </trkpt>
      <trkpt lat="37.12309" lon="-118.49366">
        <ele>3138.0</ele>
      </trkpt>
      <trkpt lat="37.12306" lon="-118.49381">
        <ele>3138.05</ele>
      </trkpt>
      <trkpt lat="37.12301" lon="-118.49386">
        <ele>3138.0</ele>
      </trkpt>
      <trkpt lat="37.12291" lon="-118.49397">
        <ele>3137.5</ele>
      </trkpt>
      <trkpt lat="37.12285" lon="-118.49408">
        <ele>3137.78</ele>
      </trkpt>
      <trkpt lat="37.1227" lon="-118.49454">
        <ele>3136.35</ele>
      </trkpt>
      <trkpt lat="37.12259" lon="-118.49481">
        <ele>3136.89</ele>
      </trkpt>
      <trkpt lat="37.12257" lon="-118.49491">
        <ele>3137.52</ele>
      </trkpt>
      <trkpt lat="37.12257" lon="-118.49523">
        <ele>3139.88</ele>
      </trkpt>
      <trkpt lat="37.12261" lon="-118.49535">
        <ele>3141.33</ele>
      </trkpt>
      <trkpt lat="37.12262" lon="-118.49539">
        <ele>3141.59</ele>
      </trkpt>
      <trkpt lat="37.12267" lon="-118.49542">
        <ele>3142.67</ele>
      </trkpt>
      <trkpt lat="37.12275" lon="-118.49553">
        <ele>3143.48</ele>
      </trkpt>
      <trkpt lat="37.12282" lon="-118.49556">
        <ele>3144.93</ele>
      </trkpt>
      <trkpt lat="37.12292" lon="-118.49565">
        <ele>3147.53</ele>
      </trkpt>
      <trkpt lat="37.12293" lon="-118.49579">
        <ele>3146.76</ele>
      </trkpt>
      <trkpt lat="37.12296" lon="-118.49587">
        <ele>3146.54</ele>
      </trkpt>
      <trkpt lat="37.12301" lon="-118.49595">
        <ele>3146.76</ele>
      </trkpt>
      <trkpt lat="37.12309" lon="-118.496">
        <ele>3148.24</ele>
      </trkpt>
      <trkpt lat="37.12314" lon="-118.49598">
        <ele>3149.77</ele>
      </trkpt>
      <trkpt lat="37.12318" lon="-118.49599">
        <ele>3151.14</ele>
      </trkpt>
      <trkpt lat="37.12323" lon="-118.49603">
        <ele>3152.64</ele>
      </trkpt>
      <trkpt lat="37.12329" lon="-118.49616">
        <ele>3154.07</ele>
      </trkpt>
      <trkpt lat="37.12334" lon="-118.49625">
        <ele>3154.79</ele>
      </trkpt>
      <trkpt lat="37.1234" lon="-118.49632">
        <ele>3156.62</ele>
      </trkpt>
      <trkpt lat="37.12351" lon="-118.49654">
        <ele>3159.0</ele>
      </trkpt>
      <trkpt lat="37.12368" lon="-118.49677">
        <ele>3169.29</ele>
      </trkpt>
      <trkpt lat="37.12372" lon="-118.49691">
        <ele>3168.01</ele>
      </trkpt>
      <trkpt lat="37.12374" lon="-118.49699">
        <ele>3166.87</ele>
      </trkpt>
      <trkpt lat="37.12376" lon="-118.49703">
        <ele>3166.62</ele>
      </trkpt>
      <trkpt lat="37.12378" lon="-118.49702">
        <ele>3168.77</ele>
      </trkpt>
      <trkpt lat="37.12377" lon="-118.49692">
        <ele>3173.33</ele>
      </trkpt>
      <trkpt lat="37.12376" lon="-118.49681">
        <ele>3176.83</ele>
      </trkpt>
      <trkpt lat="37.1237" lon="-118.49652">
        <ele>3173.22</ele>
      </trkpt>
      <trkpt lat="37.12371" lon="-118.49649">
        <ele>3174.39</ele>
      </trkpt>
      <trkpt lat="37.12374" lon="-118.49649">
        <ele>3176.69</ele>
      </trkpt>
      <trkpt lat="37.12376" lon="-118.49654">
        <ele>3178.01</ele>
      </trkpt>
      <trkpt lat="37.12377" lon="-118.49662">
        <ele>3179.44</ele>
      </trkpt>
      <trkpt lat="37.1238" lon="-118.49668">
        <ele>3183.16</ele>
      </trkpt>
      <trkpt lat="37.12382" lon="-118.49669">
        <ele>3184.02</ele>
      </trkpt>
      <trkpt lat="37.12384" lon="-118.49668">
        <ele>3184.89</ele>
      </trkpt>
      <trkpt lat="37.12384" lon="-118.49662">
        <ele>3184.36</ele>
      </trkpt>
      <trkpt lat="37.12383" lon="-118.49647">
        <ele>3182.82</ele>
      </trkpt>
      <trkpt lat="37.12379" lon="-118.4964">
        <ele>3180.52</ele>
      </trkpt>
      <trkpt lat="37.12378" lon="-118.49634">
        <ele>3180.3</ele>
      </trkpt>
      <trkpt lat="37.12379" lon="-118.49632">
        <ele>3181.27</ele>
      </trkpt>
      <trkpt lat="37.12384" lon="-118.49633">
        <ele>3184.0</ele>
      </trkpt>
      <trkpt lat="37.12387" lon="-118.49639">
        <ele>3184.98</ele>
      </trkpt>
      <trkpt lat="37.12394" lon="-118.49643">
        <ele>3189.07</ele>
      </trkpt>
      <trkpt lat="37.12394" lon="-118.49649">
        <ele>3188.8</ele>
      </trkpt>
      <trkpt lat="37.12397" lon="-118.49662">
        <ele>3190.94</ele>
      </trkpt>
      <trkpt lat="37.12398" lon="-118.49667">
        <ele>3191.88</ele>
      </trkpt>
      <trkpt lat="37.12401" lon="-118.4967">
        <ele>3193.09</ele>
      </trkpt>
      <trkpt lat="37.12402" lon="-118.49667">
        <ele>3193.66</ele>
      </trkpt>
      <trkpt lat="37.12401" lon="-118.49661">
        <ele>3192.81</ele>
      </trkpt>
      <trkpt lat="37.12401" lon="-118.49652">
        <ele>3192.54</ele>
      </trkpt>
      <trkpt lat="37.12401" lon="-118.49648">
        <ele>3192.56</ele>
      </trkpt>
      <trkpt lat="37.12405" lon="-118.4965">
        <ele>3194.7</ele>
      </trkpt>
      <trkpt lat="37.12407" lon="-118.49655">
        <ele>3195.78</ele>
      </trkpt>
      <trkpt lat="37.12408" lon="-118.49677">
        <ele>3197.37</ele>
      </trkpt>
      <trkpt lat="37.12407" lon="-118.49682">
        <ele>3197.33</ele>
      </trkpt>
      <trkpt lat="37.12408" lon="-118.49686">
        <ele>3198.17</ele>
      </trkpt>
      <trkpt lat="37.1241" lon="-118.49688">
        <ele>3198.9</ele>
      </trkpt>
      <trkpt lat="37.12413" lon="-118.49687">
        <ele>3200.34</ele>
      </trkpt>
      <trkpt lat="37.12416" lon="-118.49676">
        <ele>3200.72</ele>
      </trkpt>
      <trkpt lat="37.12419" lon="-118.49674">
        <ele>3201.6</ele>
      </trkpt>
      <trkpt lat="37.12422" lon="-118.49679">
        <ele>3203.06</ele>
      </trkpt>
      <trkpt lat="37.12422" lon="-118.49686">
        <ele>3203.73</ele>
      </trkpt>
      <trkpt lat="37.12419" lon="-118.49695">
        <ele>3202.64</ele>
      </trkpt>
      <trkpt lat="37.12419" lon="-118.49699">
        <ele>3201.77</ele>
      </trkpt>
      <trkpt lat="37.12425" lon="-118.49702">
        <ele>3203.07</ele>
      </trkpt>
      <trkpt lat="37.12432" lon="-118.49701">
        <ele>3204.9</ele>
      </trkpt>
      <trkpt lat="37.12437" lon="-118.49702">
        <ele>3205.92</ele>
      </trkpt>
      <trkpt lat="37.12445" lon="-118.49709">
        <ele>3207.67</ele>
      </trkpt>
      <trkpt lat="37.12455" lon="-118.49725">
        <ele>3210.56</ele>
      </trkpt>
      <trkpt lat="37.12462" lon="-118.49737">
        <ele>3213.05</ele>
      </trkpt>
      <trkpt lat="37.12465" lon="-118.49751">
        <ele>3213.58</ele>
      </trkpt>
      <trkpt lat="37.12472" lon="-118.49766">
        <ele>3215.19</ele>
      </trkpt>
      <trkpt lat="37.12482" lon="-118.49784">
        <ele>3216.5</ele>
      </trkpt>
      <trkpt lat="37.12495" lon="-118.49795">
        <ele>3219.06</ele>
      </trkpt>
      <trkpt lat="37.12508" lon="-118.49807">
        <ele>3220.57</ele>
      </trkpt>
      <trkpt lat="37.12518" lon="-118.49819">
        <ele>3220.49</ele>
      </trkpt>
      <trkpt lat="37.12541" lon="-118.49839">
        <ele>3220.2</ele>
      </trkpt>
      <trkpt lat="37.12558" lon="-118.49849">
        <ele>3220.84</ele>
      </trkpt>
      <trkpt lat="37.12577" lon="-118.49869">
        <ele>3222.46</ele>
      </trkpt>
      <trkpt lat="37.12584" lon="-118.49875">
        <ele>3222.64</ele>
      </trkpt>
      <trkpt lat="37.12596" lon="-118.49874">
        <ele>3225.34</ele>
      </trkpt>
      <trkpt lat="37.126" lon="-118.49885">
        <ele>3225.6</ele>
      </trkpt>
      <trkpt lat="37.12601" lon="-118.49888">
        <ele>3225.82</ele>
      </trkpt>
      <trkpt lat="37.12601" lon="-118.49888">
        <ele>3225.82</ele>
      </trkpt>
      <trkpt lat="37.12603" lon="-118.49909">
        <ele>3225.12</ele>
      </trkpt>
      <trkpt lat="37.12613" lon="-118.49931">
        <ele>3224.66</ele>
      </trkpt>
      <trkpt lat="37.12623" lon="-118.49937">
        <ele>3225.28</ele>
      </trkpt>
      <trkpt lat="37.12641" lon="-118.49942">
        <ele>3226.49</ele>
      </trkpt>
      <trkpt lat="37.12657" lon="-118.49963">
        <ele>3228.96</ele>
      </trkpt>
      <trkpt lat="37.1266" lon="-118.49991">
        <ele>3232.31</ele>
      </trkpt>
      <trkpt lat="37.12663" lon="-118.5001">
        <ele>3234.68</ele>
      </trkpt>
      <trkpt lat="37.12657" lon="-118.50049">
        <ele>3238.25</ele>
      </trkpt>
      <trkpt lat="37.12643" lon="-118.50076">
        <ele>3237.89</ele>
      </trkpt>
      <trkpt lat="37.1264" lon="-118.50087">
        <ele>3237.24</ele>
      </trkpt>
      <trkpt lat="37.1264" lon="-118.50096">
        <ele>3237.24</ele>
      </trkpt>
      <trkpt lat="37.12647" lon="-118.50118">
        <ele>3237.13</ele>
      </trkpt>
      <trkpt lat="37.12659" lon="-118.50135">
        <ele>3236.76</ele>
      </trkpt>
      <trkpt lat="37.12666" lon="-118.50143">
        <ele>3237.41</ele>
      </trkpt>
      <trkpt lat="37.12688" lon="-118.50157">
        <ele>3239.68</ele>
      </trkpt>
      <trkpt lat="37.127" lon="-118.50172">
        <ele>3240.02</ele>
      </trkpt>
      <trkpt lat="37.1271" lon="-118.5018">
        <ele>3240.92</ele>
      </trkpt>
      <trkpt lat="37.12717" lon="-118.50187">
        <ele>3241.68</ele>
      </trkpt>
      <trkpt lat="37.12726" lon="-118.5019">
        <ele>3242.89</ele>
      </trkpt>
      <trkpt lat="37.12735" lon="-118.50188">
        <ele>3244.46</ele>
      </trkpt>
      <trkpt lat="37.1275" lon="-118.50188">
        <ele>3248.39</ele>
      </trkpt>
      <trkpt lat="37.12766" lon="-118.50193">
        <ele>3250.77</ele>
      </trkpt>
      <trkpt lat="37.12778" lon="-118.50202">
        <ele>3251.42</ele>
      </trkpt>
      <trkpt lat="37.12794" lon="-118.50209">
        <ele>3254.11</ele>
      </trkpt>
      <trkpt lat="37.12804" lon="-118.50214">
        <ele>3254.68</ele>
      </trkpt>
      <trkpt lat="37.12815" lon="-118.50224">
        <ele>3255.06</ele>
      </trkpt>
      <trkpt lat="37.12831" lon="-118.5025">
        <ele>3259.24</ele>
      </trkpt>
      <trkpt lat="37.12836" lon="-118.50252">
        <ele>3260.64</ele>
      </trkpt>
      <trkpt lat="37.1284" lon="-118.50248">
        <ele>3261.44</ele>
      </trkpt>
      <trkpt lat="37.12846" lon="-118.50237">
        <ele>3262.88</ele>
      </trkpt>
      <trkpt lat="37.12853" lon="-118.50231">
        <ele>3265.25</ele>
      </trkpt>
      <trkpt lat="37.12862" lon="-118.50232">
        <ele>3267.28</ele>
      </trkpt>
      <trkpt lat="37.12874" lon="-118.50241">
        <ele>3270.56</ele>
      </trkpt>
      <trkpt lat="37.12885" lon="-118.50252">
        <ele>3274.1</ele>
      </trkpt>
      <trkpt lat="37.12888" lon="-118.5026">
        <ele>3274.62</ele>
      </trkpt>
      <trkpt lat="37.12892" lon="-118.50261">
        <ele>3276.28</ele>
      </trkpt>
      <trkpt lat="37.12896" lon="-118.50261">
        <ele>3277.93</ele>
      </trkpt>
      <trkpt lat="37.12921" lon="-118.5026">
        <ele>3281.55</ele>
      </trkpt>
      <trkpt lat="37.12908" lon="-118.50281">
        <ele>3281.15</ele>
      </trkpt>
      <trkpt lat="37.12897" lon="-118.50304">
        <ele>3278.63</ele>
      </trkpt>
      <trkpt lat="37.12904" lon="-118.50357">
        <ele>3278.34</ele>
      </trkpt>
      <trkpt lat="37.129" lon="-118.50378">
        <ele>3274.58</ele>
      </trkpt>
      <trkpt lat="37.129" lon="-118.50391">
        <ele>3273.19</ele>
      </trkpt>
      <trkpt lat="37.12913" lon="-118.50425">
        <ele>3276.02</ele>
      </trkpt>
      <trkpt lat="37.12934" lon="-118.50476">
        <ele>3282.08</ele>
      </trkpt>
      <trkpt lat="37.1294" lon="-118.5049">
        <ele>3281.72</ele>
      </trkpt>
      <trkpt lat="37.1297" lon="-118.50516">
        <ele>3289.38</ele>
      </trkpt>
      <trkpt lat="37.12984" lon="-118.50536">
        <ele>3290.96</ele>
      </trkpt>
      <trkpt lat="37.13018" lon="-118.50573">
        <ele>3298.06</ele>
      </trkpt>
      <trkpt lat="37.13018" lon="-118.50573">
        <ele>3298.06</ele>
      </trkpt>
      <trkpt lat="37.13041" lon="-118.50593">
        <ele>3293.55</ele>
      </trkpt>
      <trkpt lat="37.13063" lon="-118.506">
        <ele>3292.2</ele>
      </trkpt>
      <trkpt lat="37.13079" lon="-118.50615">
        <ele>3292.11</ele>
      </trkpt>
      <trkpt lat="37.13091" lon="-118.50613">
        <ele>3293.62</ele>
      </trkpt>
      <trkpt lat="37.13108" lon="-118.50611">
        <ele>3296.68</ele>
      </trkpt>
      <trkpt lat="37.13116" lon="-118.50602">
        <ele>3299.04</ele>
      </trkpt>
      <trkpt lat="37.13126" lon="-118.50584">
        <ele>3302.58</ele>
      </trkpt>
      <trkpt lat="37.13132" lon="-118.50563">
        <ele>3302.32</ele>
      </trkpt>
      <trkpt lat="37.13132" lon="-118.50542">
        <ele>3298.47</ele>
      </trkpt>
      <trkpt lat="37.13125" lon="-118.50527">
        <ele>3294.37</ele>
      </trkpt>
      <trkpt lat="37.13113" lon="-118.50514">
        <ele>3293.72</ele>
      </trkpt>
      <trkpt lat="37.13105" lon="-118.50501">
        <ele>3292.84</ele>
      </trkpt>
      <trkpt lat="37.13106" lon="-118.50488">
        <ele>3291.1</ele>
      </trkpt>
      <trkpt lat="37.13115" lon="-118.50473">
        <ele>3289.62</ele>
      </trkpt>
      <trkpt lat="37.13124" lon="-118.50454">
        <ele>3287.62</ele>
      </trkpt>
      <trkpt lat="37.1313" lon="-118.50459">
        <ele>3287.59</ele>
      </trkpt>
      <trkpt lat="37.13139" lon="-118.5046">
        <ele>3288.37</ele>
      </trkpt>
      <trkpt lat="37.13148" lon="-118.50455">
        <ele>3287.42</ele>
      </trkpt>
      <trkpt lat="37.1316" lon="-118.50446">
        <ele>3285.87</ele>
      </trkpt>
      <trkpt lat="37.13172" lon="-118.50433">
        <ele>3286.6</ele>
      </trkpt>
      <trkpt lat="37.13183" lon="-118.50426">
        <ele>3289.08</ele>
      </trkpt>
      <trkpt lat="37.1321" lon="-118.5041">
        <ele>3292.84</ele>
      </trkpt>
      <trkpt lat="37.13233" lon="-118.50403">
        <ele>3298.11</ele>
      </trkpt>
      <trkpt lat="37.13248" lon="-118.50391">
        <ele>3298.05</ele>
      </trkpt>
      <trkpt lat="37.1326" lon="-118.50391">
        <ele>3302.12</ele>
      </trkpt>
      <trkpt lat="37.13273" lon="-118.50394">
        <ele>3305.8</ele>
      </trkpt>
      <trkpt lat="37.13279" lon="-118.50389">
        <ele>3306.14</ele>
      </trkpt>
      <trkpt lat="37.13281" lon="-118.50361">
        <ele>3306.7</ele>
      </trkpt>
      <trkpt lat="37.13291" lon="-118.50361">
        <ele>3308.85</ele>
      </trkpt>
      <trkpt lat="37.13304" lon="-118.5034">
        <ele>3308.55</ele>
      </trkpt>
      <trkpt lat="37.13327" lon="-118.50341">
        <ele>3312.14</ele>
      </trkpt>
      <trkpt lat="37.13356" lon="-118.50321">
        <ele>3314.68</ele>
      </trkpt>
      <trkpt lat="37.13364" lon="-118.50315">
        <ele>3316.29</ele>
      </trkpt>
      <trkpt lat="37.13372" lon="-118.50305">
        <ele>3317.57</ele>
      </trkpt>
      <trkpt lat="37.13379" lon="-118.50297">
        <ele>3318.02</ele>
      </trkpt>
      <trkpt lat="37.1338" lon="-118.50296">
        <ele>3318.09</ele>
      </trkpt>
      <trkpt lat="37.13382" lon="-118.50298">
        <ele>3319.62</ele>
      </trkpt>
      <trkpt lat="37.1338" lon="-118.50303">
        <ele>3320.36</ele>
      </trkpt>
      <trkpt lat="37.13381" lon="-118.5031">
        <ele>3323.25</ele>
      </trkpt>
      <trkpt lat="37.13383" lon="-118.50311">
        <ele>3324.8</ele>
      </trkpt>
      <trkpt lat="37.13388" lon="-118.50312">
        <ele>3328.24</ele>
      </trkpt>
      <trkpt lat="37.13398" lon="-118.50308">
        <ele>3329.75</ele>
      </trkpt>
      <trkpt lat="37.13403" lon="-118.50302">
        <ele>3330.01</ele>
      </trkpt>
      <trkpt lat="37.13405" lon="-118.5029">
        <ele>3329.78</ele>
      </trkpt>
      <trkpt lat="37.13406" lon="-118.50284">
        <ele>3330.24</ele>
      </trkpt>
      <trkpt lat="37.1341" lon="-118.50273">
        <ele>3331.19</ele>
      </trkpt>
      <trkpt lat="37.13415" lon="-118.5027">
        <ele>3332.49</ele>
      </trkpt>
      <trkpt lat="37.13419" lon="-118.50271">
        <ele>3333.57</ele>
      </trkpt>
      <trkpt lat="37.13423" lon="-118.50278">
        <ele>3335.08</ele>
      </trkpt>
      <trkpt lat="37.13426" lon="-118.50278">
        <ele>3336.06</ele>
      </trkpt>
      <trkpt lat="37.13432" lon="-118.5027">
        <ele>3337.78</ele>
      </trkpt>
      <trkpt lat="37.13434" lon="-118.50271">
        <ele>3338.76</ele>
      </trkpt>
      <trkpt lat="37.13436" lon="-118.50277">
        <ele>3340.18</ele>
      </trkpt>
      <trkpt lat="37.13436" lon="-118.50281">
        <ele>3340.26</ele>
      </trkpt>
      <trkpt lat="37.1344" lon="-118.50282">
        <ele>3341.56</ele>
      </trkpt>
      <trkpt lat="37.13446" lon="-118.50277">
        <ele>3343.25</ele>
      </trkpt>
      <trkpt lat="37.13452" lon="-118.50266">
        <ele>3343.36</ele>
      </trkpt>
      <trkpt lat="37.13456" lon="-118.50262">
        <ele>3343.79</ele>
      </trkpt>
      <trkpt lat="37.13459" lon="-118.50262">
        <ele>3344.44</ele>
      </trkpt>
      <trkpt lat="37.13477" lon="-118.5027">
        <ele>3349.03</ele>
      </trkpt>
      <trkpt lat="37.13519" lon="-118.50306">
        <ele>3352.0</ele>
      </trkpt>
      <trkpt lat="37.1353" lon="-118.50323">
        <ele>3352.0</ele>
      </trkpt>
      <trkpt lat="37.13541" lon="-118.50338">
        <ele>3352.0</ele>
      </trkpt>
      <trkpt lat="37.1357" lon="-118.50358">
        <ele>3353.04</ele>
      </trkpt>
      <trkpt lat="37.13583" lon="-118.50363">
        <ele>3355.58</ele>
      </trkpt>
      <trkpt lat="37.13588" lon="-118.50369">
        <ele>3357.56</ele>
      </trkpt>
      <trkpt lat="37.13587" lon="-118.50378">
        <ele>3359.65</ele>
      </trkpt>
      <trkpt lat="37.13577" lon="-118.5038">
        <ele>3360.83</ele>
      </trkpt>
      <trkpt lat="37.13575" lon="-118.50386">
        <ele>3363.58</ele>
      </trkpt>
      <trkpt lat="37.13605" lon="-118.50414">
        <ele>3373.56</ele>
      </trkpt>
      <trkpt lat="37.13606" lon="-118.50418">
        <ele>3375.58</ele>
      </trkpt>
      <trkpt lat="37.13598" lon="-118.50418">
        <ele>3376.41</ele>
      </trkpt>
      <trkpt lat="37.13597" lon="-118.50423">
        <ele>3378.78</ele>
      </trkpt>
      <trkpt lat="37.13609" lon="-118.50439">
        <ele>3384.33</ele>
      </trkpt>
      <trkpt lat="37.13623" lon="-118.50451">
        <ele>3387.13</ele>
      </trkpt>
      <trkpt lat="37.13631" lon="-118.50466">
        <ele>3390.51</ele>
      </trkpt>
      <trkpt lat="37.13633" lon="-118.50517">
        <ele>3393.0</ele>
      </trkpt>
      <trkpt lat="37.13651" lon="-118.50538">
        <ele>3391.1</ele>
      </trkpt>
      <trkpt lat="37.13663" lon="-118.50555">
        <ele>3389.66</ele>
      </trkpt>
      <trkpt lat="37.13672" lon="-118.50572">
        <ele>3386.38</ele>
      </trkpt>
      <trkpt lat="37.13673" lon="-118.50578">
        <ele>3384.28</ele>
      </trkpt>
      <trkpt lat="37.1366" lon="-118.50579">
        <ele>3381.82</ele>
      </trkpt>
      <trkpt lat="37.13655" lon="-118.50585">
        <ele>3379.64</ele>
      </trkpt>
      <trkpt lat="37.13651" lon="-118.50604">
        <ele>3375.77</ele>
      </trkpt>
      <trkpt lat="37.13643" lon="-118.5061">
        <ele>3374.01</ele>
      </trkpt>
      <trkpt lat="37.1364" lon="-118.50616">
        <ele>3373.24</ele>
      </trkpt>
      <trkpt lat="37.1364" lon="-118.50635">
        <ele>3376.21</ele>
      </trkpt>
      <trkpt lat="37.13663" lon="-118.5068">
        <ele>3380.41</ele>
      </trkpt>
      <trkpt lat="37.13665" lon="-118.50691">
        <ele>3381.68</ele>
      </trkpt>
      <trkpt lat="37.13676" lon="-118.50708">
        <ele>3383.92</ele>
      </trkpt>
      <trkpt lat="37.13694" lon="-118.50712">
        <ele>3384.75</ele>
      </trkpt>
      <trkpt lat="37.13704" lon="-118.50731">
        <ele>3386.95</ele>
      </trkpt>
      <trkpt lat="37.13703" lon="-118.50744">
        <ele>3389.7</ele>
      </trkpt>
      <trkpt lat="37.1371" lon="-118.50757">
        <ele>3391.15</ele>
      </trkpt>
      <trkpt lat="37.13742" lon="-118.50794">
        <ele>3403.4</ele>
      </trkpt>
      <trkpt lat="37.1375" lon="-118.50797">
        <ele>3403.15</ele>
      </trkpt>
      <trkpt lat="37.13761" lon="-118.50799">
        <ele>3406.55</ele>
      </trkpt>
      <trkpt lat="37.13768" lon="-118.50809">
        <ele>3411.71</ele>
      </trkpt>
      <trkpt lat="37.13775" lon="-118.50821">
        <ele>3414.1</ele>
      </trkpt>
      <trkpt lat="37.13779" lon="-118.50832">
        <ele>3414.39</ele>
      </trkpt>
      <trkpt lat="37.13786" lon="-118.50872">
        <ele>3414.11</ele>
      </trkpt>
      <trkpt lat="37.13793" lon="-118.50899">
        <ele>3414.0</ele>
      </trkpt>
      <trkpt lat="37.13795" lon="-118.50914">
        <ele>3414.0</ele>
      </trkpt>
      <trkpt lat="37.13788" lon="-118.50932">
        <ele>3414.66</ele>
      </trkpt>
      <trkpt lat="37.13786" lon="-118.50941">
        <ele>3416.37</ele>
      </trkpt>
      <trkpt lat="37.13786" lon="-118.50952">
        <ele>3418.74</ele>
      </trkpt>
      <trkpt lat="37.1379" lon="-118.50959">
        <ele>3419.82</ele>
      </trkpt>
      <trkpt lat="37.13792" lon="-118.50981">
        <ele>3423.41</ele>
      </trkpt>
      <trkpt lat="37.13786" lon="-118.50995">
        <ele>3425.22</ele>
      </trkpt>
      <trkpt lat="37.13788" lon="-118.51034">
        <ele>3431.29</ele>
      </trkpt>
      <trkpt lat="37.13775" lon="-118.51061">
        <ele>3434.29</ele>
      </trkpt>
      <trkpt lat="37.13772" lon="-118.51089">
        <ele>3432.76</ele>
      </trkpt>
      <trkpt lat="37.1378" lon="-118.51123">
        <ele>3427.98</ele>
      </trkpt>
      <trkpt lat="37.13775" lon="-118.51135">
        <ele>3424.37</ele>
      </trkpt>
      <trkpt lat="37.1377" lon="-118.51142">
        <ele>3421.37</ele>
      </trkpt>
      <trkpt lat="37.13774" lon="-118.51158">
        <ele>3417.99</ele>
      </trkpt>
      <trkpt lat="37.13779" lon="-118.51179">
        <ele>3413.73</ele>
      </trkpt>
      <trkpt lat="37.13793" lon="-118.51209">
        <ele>3411.14</ele>
      </trkpt>
      <trkpt lat="37.13787" lon="-118.51233">
        <ele>3404.83</ele>
      </trkpt>
      <trkpt lat="37.13773" lon="-118.51237">
        <ele>3401.37</ele>
      </trkpt>
      <trkpt lat="37.13776" lon="-118.51254">
        <ele>3400.18</ele>
      </trkpt>
      <trkpt lat="37.13776" lon="-118.51254">
        <ele>3400.18</ele>
      </trkpt>
      <trkpt lat="37.13773" lon="-118.51237">
        <ele>3401.37</ele>
      </trkpt>
      <trkpt lat="37.13787" lon="-118.51233">
        <ele>3404.83</ele>
      </trkpt>
      <trkpt lat="37.13793" lon="-118.51209">
        <ele>3411.14</ele>
      </trkpt>
      <trkpt lat="37.13779" lon="-118.51179">
        <ele>3413.73</ele>
      </trkpt>
      <trkpt lat="37.13774" lon="-118.51158">
        <ele>3417.99</ele>
      </trkpt>
      <trkpt lat="37.1377" lon="-118.51142">
        <ele>3421.37</ele>
      </trkpt>
      <trkpt lat="37.13775" lon="-118.51135">
        <ele>3424.37</ele>
      </trkpt>
      <trkpt lat="37.1378" lon="-118.51123">
        <ele>3427.98</ele>
      </trkpt>
      <trkpt lat="37.13772" lon="-118.51089">
        <ele>3432.76</ele>
      </trkpt>
      <trkpt lat="37.13775" lon="-118.51061">
        <ele>3434.29</ele>
      </trkpt>
      <trkpt lat="37.13788" lon="-118.51034">
        <ele>3431.29</ele>
      </trkpt>
      <trkpt lat="37.13786" lon="-118.50995">
        <ele>3425.22</ele>
      </trkpt>
      <trkpt lat="37.13792" lon="-118.50981">
        <ele>3423.41</ele>
      </trkpt>
      <trkpt lat="37.1379" lon="-118.50959">
        <ele>3419.82</ele>
      </trkpt>
      <trkpt lat="37.13786" lon="-118.50952">
        <ele>3418.74</ele>
      </trkpt>
      <trkpt lat="37.13786" lon="-118.50941">
        <ele>3416.37</ele>
      </trkpt>
      <trkpt lat="37.13788" lon="-118.50932">
        <ele>3414.66</ele>
      </trkpt>
      <trkpt lat="37.13795" lon="-118.50914">
        <ele>3414.0</ele>
      </trkpt>
      <trkpt lat="37.13793" lon="-118.50899">
        <ele>3414.0</ele>
      </trkpt>
      <trkpt lat="37.13786" lon="-118.50872">
        <ele>3414.11</ele>
      </trkpt>
      <trkpt lat="37.13779" lon="-118.50832">
        <ele>3414.39</ele>
      </trkpt>
      <trkpt lat="37.13775" lon="-118.50821">
        <ele>3414.1</ele>
      </trkpt>
      <trkpt lat="37.13768" lon="-118.50809">
        <ele>3411.71</ele>
      </trkpt>
      <trkpt lat="37.13761" lon="-118.50799">
        <ele>3406.55</ele>
      </trkpt>
      <trkpt lat="37.1375" lon="-118.50797">
        <ele>3403.15</ele>
      </trkpt>
      <trkpt lat="37.13742" lon="-118.50794">
        <ele>3403.4</ele>
      </trkpt>
      <trkpt lat="37.1371" lon="-118.50757">
        <ele>3391.15</ele>
      </trkpt>
      <trkpt lat="37.13703" lon="-118.50744">
        <ele>3389.7</ele>
      </trkpt>
      <trkpt lat="37.13704" lon="-118.50731">
        <ele>3386.95</ele>
      </trkpt>
      <trkpt lat="37.13694" lon="-118.50712">
        <ele>3384.75</ele>
      </trkpt>
      <trkpt lat="37.13676" lon="-118.50708">
        <ele>3383.92</ele>
      </trkpt>
      <trkpt lat="37.13665" lon="-118.50691">
        <ele>3381.68</ele>
      </trkpt>
      <trkpt lat="37.13663" lon="-118.5068">
        <ele>3380.41</ele>
      </trkpt>
      <trkpt lat="37.1364" lon="-118.50635">
        <ele>3376.21</ele>
      </trkpt>
      <trkpt lat="37.1364" lon="-118.50616">
        <ele>3373.24</ele>
      </trkpt>
      <trkpt lat="37.13643" lon="-118.5061">
        <ele>3374.01</ele>
      </trkpt>
      <trkpt lat="37.13651" lon="-118.50604">
        <ele>3375.77</ele>
      </trkpt>
      <trkpt lat="37.13655" lon="-118.50585">
        <ele>3379.64</ele>
      </trkpt>
      <trkpt lat="37.1366" lon="-118.50579">
        <ele>3381.82</ele>
      </trkpt>
      <trkpt lat="37.13673" lon="-118.50578">
        <ele>3384.28</ele>
      </trkpt>
      <trkpt lat="37.13672" lon="-118.50572">
        <ele>3386.38</ele>
      </trkpt>
      <trkpt lat="37.13663" lon="-118.50555">
        <ele>3389.66</ele>
      </trkpt>
      <trkpt lat="37.13651" lon="-118.50538">
        <ele>3391.1</ele>
      </trkpt>
      <trkpt lat="37.13633" lon="-118.50517">
        <ele>3393.0</ele>
      </trkpt>
      <trkpt lat="37.13631" lon="-118.50466">
        <ele>3390.51</ele>
      </trkpt>
      <trkpt lat="37.13623" lon="-118.50451">
        <ele>3387.13</ele>
      </trkpt>
      <trkpt lat="37.13609" lon="-118.50439">
        <ele>3384.33</ele>
      </trkpt>
      <trkpt lat="37.13597" lon="-118.50423">
        <ele>3378.78</ele>
      </trkpt>
      <trkpt lat="37.13598" lon="-118.50418">
        <ele>3376.41</ele>
      </trkpt>
      <trkpt lat="37.13606" lon="-118.50418">
        <ele>3375.58</ele>
      </trkpt>
      <trkpt lat="37.13605" lon="-118.50414">
        <ele>3373.56</ele>
      </trkpt>
      <trkpt lat="37.13575" lon="-118.50386">
        <ele>3363.58</ele>
      </trkpt>
      <trkpt lat="37.13577" lon="-118.5038">
        <ele>3360.83</ele>
      </trkpt>
      <trkpt lat="37.13587" lon="-118.50378">
        <ele>3359.65</ele>
      </trkpt>
      <trkpt lat="37.13588" lon="-118.50369">
        <ele>3357.56</ele>
      </trkpt>
      <trkpt lat="37.13583" lon="-118.50363">
        <ele>3355.58</ele>
      </trkpt>
      <trkpt lat="37.1357" lon="-118.50358">
        <ele>3353.04</ele>
      </trkpt>
      <trkpt lat="37.13541" lon="-118.50338">
        <ele>3352.0</ele>
      </trkpt>
      <trkpt lat="37.1353" lon="-118.50323">
        <ele>3352.0</ele>
      </trkpt>
      <trkpt lat="37.13519" lon="-118.50306">
        <ele>3352.0</ele>
      </trkpt>
      <trkpt lat="37.13477" lon="-118.5027">
        <ele>3349.03</ele>
      </trkpt>
      <trkpt lat="37.13459" lon="-118.50262">
        <ele>3344.44</ele>
      </trkpt>
      <trkpt lat="37.13456" lon="-118.50262">
        <ele>3343.79</ele>
      </trkpt>
      <trkpt lat="37.13452" lon="-118.50266">
        <ele>3343.36</ele>
      </trkpt>
      <trkpt lat="37.13446" lon="-118.50277">
        <ele>3343.25</ele>
      </trkpt>
      <trkpt lat="37.1344" lon="-118.50282">
        <ele>3341.56</ele>
      </trkpt>
      <trkpt lat="37.13436" lon="-118.50281">
        <ele>3340.26</ele>
      </trkpt>
      <trkpt lat="37.13436" lon="-118.50277">
        <ele>3340.18</ele>
      </trkpt>
      <trkpt lat="37.13434" lon="-118.50271">
        <ele>3338.76</ele>
      </trkpt>
      <trkpt lat="37.13432" lon="-118.5027">
        <ele>3337.78</ele>
      </trkpt>
      <trkpt lat="37.13426" lon="-118.50278">
        <ele>3336.06</ele>
      </trkpt>
      <trkpt lat="37.13423" lon="-118.50278">
        <ele>3335.08</ele>
      </trkpt>
      <trkpt lat="37.13419" lon="-118.50271">
        <ele>3333.57</ele>
      </trkpt>
      <trkpt lat="37.13415" lon="-118.5027">
        <ele>3332.49</ele>
      </trkpt>
      <trkpt lat="37.1341" lon="-118.50273">
        <ele>3331.19</ele>
      </trkpt>
      <trkpt lat="37.13406" lon="-118.50284">
        <ele>3330.24</ele>
      </trkpt>
      <trkpt lat="37.13405" lon="-118.5029">
        <ele>3329.78</ele>
      </trkpt>
      <trkpt lat="37.13403" lon="-118.50302">
        <ele>3330.01</ele>
      </trkpt>
      <trkpt lat="37.13398" lon="-118.50308">
        <ele>3329.75</ele>
      </trkpt>
      <trkpt lat="37.13388" lon="-118.50312">
        <ele>3328.24</ele>
      </trkpt>
      <trkpt lat="37.13383" lon="-118.50311">
        <ele>3324.8</ele>
      </trkpt>
      <trkpt lat="37.13381" lon="-118.5031">
        <ele>3323.25</ele>
      </trkpt>
      <trkpt lat="37.1338" lon="-118.50303">
        <ele>3320.36</ele>
      </trkpt>
      <trkpt lat="37.13382" lon="-118.50298">
        <ele>3319.62</ele>
      </trkpt>
      <trkpt lat="37.1338" lon="-118.50296">
        <ele>3318.09</ele>
      </trkpt>
      <trkpt lat="37.13379" lon="-118.50297">
        <ele>3318.02</ele>
      </trkpt>
      <trkpt lat="37.13372" lon="-118.50305">
        <ele>3317.57</ele>
      </trkpt>
      <trkpt lat="37.13375" lon="-118.50292">
        <ele>3315.57</ele>
      </trkpt>
      <trkpt lat="37.1338" lon="-118.50273">
        <ele>3314.66</ele>
      </trkpt>
      <trkpt lat="37.13387" lon="-118.50252">
        <ele>3316.4</ele>
      </trkpt>
      <trkpt lat="37.1339" lon="-118.50236">
        <ele>3318.5</ele>
      </trkpt>
      <trkpt lat="37.13384" lon="-118.50213">
        <ele>3321.41</ele>
      </trkpt>
      <trkpt lat="37.13386" lon="-118.50203">
        <ele>3324.14</ele>
      </trkpt>
      <trkpt lat="37.13385" lon="-118.50174">
        <ele>3327.58</ele>
      </trkpt>
      <trkpt lat="37.13391" lon="-118.50129">
        <ele>3341.8</ele>
      </trkpt>
      <trkpt lat="37.13392" lon="-118.50097">
        <ele>3345.34</ele>
      </trkpt>
      <trkpt lat="37.13394" lon="-118.50085">
        <ele>3345.1</ele>
      </trkpt>
      <trkpt lat="37.13404" lon="-118.50069">
        <ele>3343.08</ele>
      </trkpt>
      <trkpt lat="37.13446" lon="-118.50068">
        <ele>3342.17</ele>
      </trkpt>
      <trkpt lat="37.13456" lon="-118.50058">
        <ele>3343.5</ele>
      </trkpt>
      <trkpt lat="37.1344" lon="-118.50026">
        <ele>3341.0</ele>
      </trkpt>
      <trkpt lat="37.1344" lon="-118.50026">
        <ele>3341.0</ele>
      </trkpt>
      <trkpt lat="37.13456" lon="-118.50058">
        <ele>3343.5</ele>
      </trkpt>
      <trkpt lat="37.13446" lon="-118.50068">
        <ele>3342.17</ele>
      </trkpt>
      <trkpt lat="37.13404" lon="-118.50069">
        <ele>3343.08</ele>
      </trkpt>
      <trkpt lat="37.13394" lon="-118.50085">
        <ele>3345.1</ele>
      </trkpt>
      <trkpt lat="37.13392" lon="-118.50097">
        <ele>3345.34</ele>
      </trkpt>
      <trkpt lat="37.13391" lon="-118.50129">
        <ele>3341.8</ele>
      </trkpt>
      <trkpt lat="37.13385" lon="-118.50174">
        <ele>3327.58</ele>
      </trkpt>
      <trkpt lat="37.13386" lon="-118.50203">
        <ele>3324.14</ele>
      </trkpt>
      <trkpt lat="37.13384" lon="-118.50213">
        <ele>3321.41</ele>
      </trkpt>
      <trkpt lat="37.1339" lon="-118.50236">
        <ele>3318.5</ele>
      </trkpt>
      <trkpt lat="37.13387" lon="-118.50252">
        <ele>3316.4</ele>
      </trkpt>
      <trkpt lat="37.1338" lon="-118.50273">
        <ele>3314.66</ele>
      </trkpt>
      <trkpt lat="37.13375" lon="-118.50292">
        <ele>3315.57</ele>
      </trkpt>
      <trkpt lat="37.13372" lon="-118.50305">
        <ele>3317.57</ele>
      </trkpt>
      <trkpt lat="37.13364" lon="-118.50315">
        <ele>3316.29</ele>
      </trkpt>
      <trkpt lat="37.13356" lon="-118.50321">
        <ele>3314.68</ele>
      </trkpt>
      <trkpt lat="37.13327" lon="-118.50341">
        <ele>3312.14</ele>
      </trkpt>
      <trkpt lat="37.13304" lon="-118.5034">
        <ele>3308.55</ele>
      </trkpt>
      <trkpt lat="37.13291" lon="-118.50361">
        <ele>3308.85</ele>
      </trkpt>
      <trkpt lat="37.13281" lon="-118.50361">
        <ele>3306.7</ele>
      </trkpt>
      <trkpt lat="37.13276" lon="-118.50348">
        <ele>3306.81</ele>
      </trkpt>
      <trkpt lat="37.13251" lon="-118.50311">
        <ele>3306.96</ele>
      </trkpt>
      <trkpt lat="37.13245" lon="-118.50306">
        <ele>3306.43</ele>
      </trkpt>
      <trkpt lat="37.1323" lon="-118.50302">
        <ele>3304.19</ele>
      </trkpt>
      <trkpt lat="37.13192" lon="-118.50263">
        <ele>3297.73</ele>
      </trkpt>
      <trkpt lat="37.13178" lon="-118.50242">
        <ele>3296.62</ele>
      </trkpt>
      <trkpt lat="37.13167" lon="-118.50206">
        <ele>3293.18</ele>
      </trkpt>
      <trkpt lat="37.13163" lon="-118.50169">
        <ele>3291.62</ele>
      </trkpt>
      <trkpt lat="37.13161" lon="-118.50157">
        <ele>3289.28</ele>
      </trkpt>
      <trkpt lat="37.13161" lon="-118.50157">
        <ele>3289.28</ele>
      </trkpt>
      <trkpt lat="37.13159" lon="-118.50153">
        <ele>3287.56</ele>
      </trkpt>
      <trkpt lat="37.13146" lon="-118.50116">
        <ele>3283.65</ele>
      </trkpt>
      <trkpt lat="37.13126" lon="-118.50084">
        <ele>3283.54</ele>
      </trkpt>
      <trkpt lat="37.13095" lon="-118.50051">
        <ele>3278.26</ele>
      </trkpt>
      <trkpt lat="37.13075" lon="-118.50047">
        <ele>3277.0</ele>
      </trkpt>
      <trkpt lat="37.13035" lon="-118.5005">
        <ele>3278.22</ele>
      </trkpt>
      <trkpt lat="37.13023" lon="-118.50062">
        <ele>3278.82</ele>
      </trkpt>
      <trkpt lat="37.13012" lon="-118.50079">
        <ele>3278.17</ele>
      </trkpt>
      <trkpt lat="37.13003" lon="-118.50074">
        <ele>3279.0</ele>
      </trkpt>
      <trkpt lat="37.12995" lon="-118.50068">
        <ele>3279.35</ele>
      </trkpt>
      <trkpt lat="37.12987" lon="-118.50065">
        <ele>3279.58</ele>
      </trkpt>
      <trkpt lat="37.12946" lon="-118.50039">
        <ele>3279.78</ele>
      </trkpt>
      <trkpt lat="37.12914" lon="-118.50023">
        <ele>3275.8</ele>
      </trkpt>
      <trkpt lat="37.12905" lon="-118.4999">
        <ele>3279.56</ele>
      </trkpt>
      <trkpt lat="37.12905" lon="-118.4999">
        <ele>3279.56</ele>
      </trkpt>
      <trkpt lat="37.12893" lon="-118.49942">
        <ele>3283.71</ele>
      </trkpt>
      <trkpt lat="37.12874" lon="-118.49895">
        <ele>3289.73</ele>
      </trkpt>
      <trkpt lat="37.12879" lon="-118.49878">
        <ele>3292.28</ele>
      </trkpt>
      <trkpt lat="37.12879" lon="-118.4987">
        <ele>3293.97</ele>
      </trkpt>
      <trkpt lat="37.12864" lon="-118.49814">
        <ele>3297.71</ele>
      </trkpt>
      <trkpt lat="37.12864" lon="-118.49774">
        <ele>3299.9</ele>
      </trkpt>
      <trkpt lat="37.12849" lon="-118.49746">
        <ele>3298.69</ele>
      </trkpt>
      <trkpt lat="37.12818" lon="-118.49699">
        <ele>3292.01</ele>
      </trkpt>
      <trkpt lat="37.12817" lon="-118.49695">
        <ele>3291.52</ele>
      </trkpt>
      <trkpt lat="37.12837" lon="-118.4969">
        <ele>3293.63</ele>
      </trkpt>
      <trkpt lat="37.12845" lon="-118.49683">
        <ele>3293.79</ele>
      </trkpt>
      <trkpt lat="37.12853" lon="-118.49673">
        <ele>3292.18</ele>
      </trkpt>
      <trkpt lat="37.12876" lon="-118.49648">
        <ele>3288.79</ele>
      </trkpt>
      <trkpt lat="37.12913" lon="-118.49618">
        <ele>3284.48</ele>
      </trkpt>
      <trkpt lat="37.12925" lon="-118.49615">
        <ele>3281.2</ele>
      </trkpt>
      <trkpt lat="37.12936" lon="-118.49617">
        <ele>3281.06</ele>
      </trkpt>
      <trkpt lat="37.12944" lon="-118.49614">
        <ele>3281.3</ele>
      </trkpt>
      <trkpt lat="37.12963" lon="-118.49595">
        <ele>3279.26</ele>
      </trkpt>
      <trkpt lat="37.12979" lon="-118.49574">
        <ele>3277.26</ele>
      </trkpt>
      <trkpt lat="37.13002" lon="-118.49556">
        <ele>3271.63</ele>
      </trkpt>
      <trkpt lat="37.13012" lon="-118.4955">
        <ele>3268.93</ele>
      </trkpt>
      <trkpt lat="37.13034" lon="-118.49541">
        <ele>3263.51</ele>
      </trkpt>
      <trkpt lat="37.1304" lon="-118.49536">
        <ele>3261.57</ele>
      </trkpt>
      <trkpt lat="37.1306" lon="-118.49508">
        <ele>3256.04</ele>
      </trkpt>
      <trkpt lat="37.13067" lon="-118.49501">
        <ele>3254.29</ele>
      </trkpt>
      <trkpt lat="37.13101" lon="-118.49485">
        <ele>3243.24</ele>
      </trkpt>
      <trkpt lat="37.13112" lon="-118.49481">
        <ele>3240.81</ele>
      </trkpt>
      <trkpt lat="37.1312" lon="-118.49476">
        <ele>3239.08</ele>
      </trkpt>
      <trkpt lat="37.13125" lon="-118.49469">
        <ele>3239.17</ele>
      </trkpt>
      <trkpt lat="37.13128" lon="-118.49457">
        <ele>3239.18</ele>
      </trkpt>
      <trkpt lat="37.13128" lon="-118.49423">
        <ele>3240.18</ele>
      </trkpt>
      <trkpt lat="37.13133" lon="-118.494">
        <ele>3239.64</ele>
      </trkpt>
      <trkpt lat="37.13137" lon="-118.49392">
        <ele>3239.34</ele>
      </trkpt>
      <trkpt lat="37.13148" lon="-118.49377">
        <ele>3239.02</ele>
      </trkpt>
      <trkpt lat="37.13153" lon="-118.49364">
        <ele>3238.48</ele>
      </trkpt>
      <trkpt lat="37.13175" lon="-118.49289">
        <ele>3239.1</ele>
      </trkpt>
      <trkpt lat="37.13177" lon="-118.49266">
        <ele>3239.88</ele>
      </trkpt>
      <trkpt lat="37.1318" lon="-118.49261">
        <ele>3239.56</ele>
      </trkpt>
      <trkpt lat="37.1319" lon="-118.49251">
        <ele>3239.43</ele>
      </trkpt>
      <trkpt lat="37.13192" lon="-118.49237">
        <ele>3238.97</ele>
      </trkpt>
      <trkpt lat="37.13212" lon="-118.49201">
        <ele>3233.81</ele>
      </trkpt>
      <trkpt lat="37.13212" lon="-118.49193">
        <ele>3232.79</ele>
      </trkpt>
      <trkpt lat="37.13208" lon="-118.49172">
        <ele>3229.42</ele>
      </trkpt>
      <trkpt lat="37.1321" lon="-118.49168">
        <ele>3228.51</ele>
      </trkpt>
      <trkpt lat="37.13224" lon="-118.49171">
        <ele>3226.94</ele>
      </trkpt>
      <trkpt lat="37.13224" lon="-118.49166">
        <ele>3225.86</ele>
      </trkpt>
      <trkpt lat="37.1322" lon="-118.49153">
        <ele>3223.89</ele>
      </trkpt>
      <trkpt lat="37.1322" lon="-118.49144">
        <ele>3222.45</ele>
      </trkpt>
      <trkpt lat="37.13228" lon="-118.49135">
        <ele>3221.0</ele>
      </trkpt>
      <trkpt lat="37.13248" lon="-118.49076">
        <ele>3218.57</ele>
      </trkpt>
      <trkpt lat="37.13249" lon="-118.49065">
        <ele>3218.68</ele>
      </trkpt>
      <trkpt lat="37.13258" lon="-118.49051">
        <ele>3220.17</ele>
      </trkpt>
      <trkpt lat="37.13262" lon="-118.48998">
        <ele>3215.44</ele>
      </trkpt>
      <trkpt lat="37.13263" lon="-118.48994">
        <ele>3215.42</ele>
      </trkpt>
      <trkpt lat="37.13263" lon="-118.48994">
        <ele>3215.42</ele>
      </trkpt>
      <trkpt lat="37.13268" lon="-118.48972">
        <ele>3216.75</ele>
      </trkpt>
      <trkpt lat="37.1327" lon="-118.48965">
        <ele>3216.82</ele>
      </trkpt>
      <trkpt lat="37.13278" lon="-118.48959">
        <ele>3220.1</ele>
      </trkpt>
      <trkpt lat="37.13279" lon="-118.48954">
        <ele>3220.53</ele>
      </trkpt>
      <trkpt lat="37.13271" lon="-118.4893">
        <ele>3216.39</ele>
      </trkpt>
      <trkpt lat="37.13271" lon="-118.48916">
        <ele>3215.32</ele>
      </trkpt>
      <trkpt lat="37.13269" lon="-118.489">
        <ele>3213.41</ele>
      </trkpt>
      <trkpt lat="37.13271" lon="-118.48841">
        <ele>3203.85</ele>
      </trkpt>
      <trkpt lat="37.13272" lon="-118.48833">
        <ele>3203.06</ele>
      </trkpt>
      <trkpt lat="37.13272" lon="-118.48826">
        <ele>3201.54</ele>
      </trkpt>
      <trkpt lat="37.13268" lon="-118.48828">
        <ele>3200.57</ele>
      </trkpt>
      <trkpt lat="37.13264" lon="-118.48834">
        <ele>3199.67</ele>
      </trkpt>
      <trkpt lat="37.13257" lon="-118.48841">
        <ele>3197.68</ele>
      </trkpt>
      <trkpt lat="37.13255" lon="-118.4884">
        <ele>3196.6</ele>
      </trkpt>
      <trkpt lat="37.13255" lon="-118.4882">
        <ele>3191.38</ele>
      </trkpt>
      <trkpt lat="37.13257" lon="-118.48811">
        <ele>3189.54</ele>
      </trkpt>
      <trkpt lat="37.13257" lon="-118.48798">
        <ele>3185.95</ele>
      </trkpt>
      <trkpt lat="37.13255" lon="-118.48782">
        <ele>3183.78</ele>
      </trkpt>
      <trkpt lat="37.13247" lon="-118.48753">
        <ele>3183.51</ele>
      </trkpt>
      <trkpt lat="37.13235" lon="-118.48727">
        <ele>3180.38</ele>
      </trkpt>
      <trkpt lat="37.13219" lon="-118.48696">
        <ele>3174.09</ele>
      </trkpt>
      <trkpt lat="37.1321" lon="-118.48683">
        <ele>3170.32</ele>
      </trkpt>
      <trkpt lat="37.13202" lon="-118.48669">
        <ele>3166.78</ele>
      </trkpt>
      <trkpt lat="37.13199" lon="-118.48668">
        <ele>3165.24</ele>
      </trkpt>
      <trkpt lat="37.13198" lon="-118.48675">
        <ele>3163.47</ele>
      </trkpt>
      <trkpt lat="37.13194" lon="-118.48692">
        <ele>3160.76</ele>
      </trkpt>
      <trkpt lat="37.1319" lon="-118.487">
        <ele>3158.6</ele>
      </trkpt>
      <trkpt lat="37.13186" lon="-118.48697">
        <ele>3156.44</ele>
      </trkpt>
      <trkpt lat="37.13182" lon="-118.48689">
        <ele>3154.48</ele>
      </trkpt>
      <trkpt lat="37.13168" lon="-118.4863">
        <ele>3155.68</ele>
      </trkpt>
      <trkpt lat="37.13167" lon="-118.48624">
        <ele>3155.79</ele>
      </trkpt>
      <trkpt lat="37.13161" lon="-118.48617">
        <ele>3151.94</ele>
      </trkpt>
      <trkpt lat="37.13153" lon="-118.48595">
        <ele>3147.06</ele>
      </trkpt>
      <trkpt lat="37.13145" lon="-118.48564">
        <ele>3142.8</ele>
      </trkpt>
      <trkpt lat="37.13142" lon="-118.48559">
        <ele>3141.61</ele>
      </trkpt>
      <trkpt lat="37.13142" lon="-118.48552">
        <ele>3143.37</ele>
      </trkpt>
      <trkpt lat="37.1314" lon="-118.48549">
        <ele>3142.88</ele>
      </trkpt>
      <trkpt lat="37.13138" lon="-118.48561">
        <ele>3138.25</ele>
      </trkpt>
      <trkpt lat="37.13139" lon="-118.48565">
        <ele>3138.06</ele>
      </trkpt>
      <trkpt lat="37.13137" lon="-118.48568">
        <ele>3136.5</ele>
      </trkpt>
      <trkpt lat="37.1313" lon="-118.48554">
        <ele>3134.58</ele>
      </trkpt>
      <trkpt lat="37.13126" lon="-118.48541">
        <ele>3134.58</ele>
      </trkpt>
      <trkpt lat="37.13104" lon="-118.48487">
        <ele>3127.9</ele>
      </trkpt>
      <trkpt lat="37.13099" lon="-118.48485">
        <ele>3123.47</ele>
      </trkpt>
      <trkpt lat="37.13097" lon="-118.4849">
        <ele>3120.44</ele>
      </trkpt>
      <trkpt lat="37.13097" lon="-118.48501">
        <ele>3118.02</ele>
      </trkpt>
      <trkpt lat="37.13094" lon="-118.48507">
        <ele>3113.74</ele>
      </trkpt>
      <trkpt lat="37.1309" lon="-118.485">
        <ele>3111.48</ele>
      </trkpt>
      <trkpt lat="37.13082" lon="-118.48467">
        <ele>3109.27</ele>
      </trkpt>
      <trkpt lat="37.13082" lon="-118.48467">
        <ele>3109.27</ele>
      </trkpt>
      <trkpt lat="37.13073" lon="-118.48435">
        <ele>3104.07</ele>
      </trkpt>
      <trkpt lat="37.13058" lon="-118.48395">
        <ele>3094.58</ele>
      </trkpt>
      <trkpt lat="37.13053" lon="-118.48364">
        <ele>3092.62</ele>
      </trkpt>
      <trkpt lat="37.13048" lon="-118.48351">
        <ele>3089.92</ele>
      </trkpt>
      <trkpt lat="37.13034" lon="-118.48304">
        <ele>3078.86</ele>
      </trkpt>
      <trkpt lat="37.13034" lon="-118.48261">
        <ele>3073.0</ele>
      </trkpt>
      <trkpt lat="37.13032" lon="-118.48252">
        <ele>3071.04</ele>
      </trkpt>
      <trkpt lat="37.13027" lon="-118.48252">
        <ele>3068.88</ele>
      </trkpt>
      <trkpt lat="37.13025" lon="-118.48259">
        <ele>3068.77</ele>
      </trkpt>
      <trkpt lat="37.13024" lon="-118.48281">
        <ele>3070.17</ele>
      </trkpt>
      <trkpt lat="37.13019" lon="-118.48308">
        <ele>3068.63</ele>
      </trkpt>
      <trkpt lat="37.12997" lon="-118.48369">
        <ele>3061.23</ele>
      </trkpt>
      <trkpt lat="37.12976" lon="-118.48402">
        <ele>3052.29</ele>
      </trkpt>
      <trkpt lat="37.12969" lon="-118.48409">
        <ele>3049.61</ele>
      </trkpt>
      <trkpt lat="37.12962" lon="-118.48421">
        <ele>3046.58</ele>
      </trkpt>
      <trkpt lat="37.12956" lon="-118.48424">
        <ele>3043.99</ele>
      </trkpt>
      <trkpt lat="37.12962" lon="-118.4839">
        <ele>3044.7</ele>
      </trkpt>
      <trkpt lat="37.12965" lon="-118.48379">
        <ele>3045.02</ele>
      </trkpt>
      <trkpt lat="37.12968" lon="-118.48368">
        <ele>3044.92</ele>
      </trkpt>
      <trkpt lat="37.1297" lon="-118.48359">
        <ele>3044.58</ele>
      </trkpt>
      <trkpt lat="37.12969" lon="-118.48355">
        <ele>3043.29</ele>
      </trkpt>
      <trkpt lat="37.12966" lon="-118.48355">
        <ele>3041.99</ele>
      </trkpt>
      <trkpt lat="37.12964" lon="-118.48356">
        <ele>3041.34</ele>
      </trkpt>
      <trkpt lat="37.12961" lon="-118.48359">
        <ele>3040.48</ele>
      </trkpt>
      <trkpt lat="37.12959" lon="-118.4836">
        <ele>3039.62</ele>
      </trkpt>
      <trkpt lat="37.12956" lon="-118.4836">
        <ele>3038.0</ele>
      </trkpt>
      <trkpt lat="37.12955" lon="-118.48357">
        <ele>3036.81</ele>
      </trkpt>
      <trkpt lat="37.12956" lon="-118.48354">
        <ele>3036.7</ele>
      </trkpt>
      <trkpt lat="37.12965" lon="-118.48342">
        <ele>3038.18</ele>
      </trkpt>
      <trkpt lat="37.12977" lon="-118.48301">
        <ele>3033.38</ele>
      </trkpt>
      <trkpt lat="37.12975" lon="-118.48277">
        <ele>3031.78</ele>
      </trkpt>
      <trkpt lat="37.12974" lon="-118.4826">
        <ele>3032.65</ele>
      </trkpt>
      <trkpt lat="37.12976" lon="-118.48227">
        <ele>3035.26</ele>
      </trkpt>
      <trkpt lat="37.12974" lon="-118.48212">
        <ele>3033.52</ele>
      </trkpt>
      <trkpt lat="37.1297" lon="-118.48194">
        <ele>3029.32</ele>
      </trkpt>
      <trkpt lat="37.12971" lon="-118.48184">
        <ele>3029.95</ele>
      </trkpt>
      <trkpt lat="37.1297" lon="-118.48181">
        <ele>3028.87</ele>
      </trkpt>
      <trkpt lat="37.12968" lon="-118.48182">
        <ele>3027.46</ele>
      </trkpt>
      <trkpt lat="37.12968" lon="-118.48185">
        <ele>3027.79</ele>
      </trkpt>
      <trkpt lat="37.12967" lon="-118.48191">
        <ele>3027.05</ele>
      </trkpt>
      <trkpt lat="37.12964" lon="-118.48211">
        <ele>3024.9</ele>
      </trkpt>
      <trkpt lat="37.12962" lon="-118.48217">
        <ele>3023.32</ele>
      </trkpt>
      <trkpt lat="37.12958" lon="-118.48219">
        <ele>3020.6</ele>
      </trkpt>
      <trkpt lat="37.12954" lon="-118.48218">
        <ele>3017.75</ele>
      </trkpt>
      <trkpt lat="37.12948" lon="-118.48215">
        <ele>3014.14</ele>
      </trkpt>
      <trkpt lat="37.12943" lon="-118.48207">
        <ele>3009.13</ele>
      </trkpt>
      <trkpt lat="37.1294" lon="-118.48203">
        <ele>3005.93</ele>
      </trkpt>
      <trkpt lat="37.12931" lon="-118.48181">
        <ele>2997.89</ele>
      </trkpt>
      <trkpt lat="37.12927" lon="-118.48173">
        <ele>2995.79</ele>
      </trkpt>
      <trkpt lat="37.12924" lon="-118.48173">
        <ele>2995.58</ele>
      </trkpt>
      <trkpt lat="37.12922" lon="-118.48172">
        <ele>2995.58</ele>
      </trkpt>
      <trkpt lat="37.12919" lon="-118.48173">
        <ele>2996.12</ele>
      </trkpt>
      <trkpt lat="37.12913" lon="-118.48172">
        <ele>2996.94</ele>
      </trkpt>
      <trkpt lat="37.12909" lon="-118.48168">
        <ele>2996.94</ele>
      </trkpt>
      <trkpt lat="37.12905" lon="-118.48162">
        <ele>2996.77</ele>
      </trkpt>
      <trkpt lat="37.12897" lon="-118.48145">
        <ele>2995.23</ele>
      </trkpt>
      <trkpt lat="37.12895" lon="-118.48135">
        <ele>2992.7</ele>
      </trkpt>
      <trkpt lat="37.12892" lon="-118.48126">
        <ele>2990.75</ele>
      </trkpt>
      <trkpt lat="37.1289" lon="-118.48113">
        <ele>2987.47</ele>
      </trkpt>
      <trkpt lat="37.12889" lon="-118.48103">
        <ele>2986.11</ele>
      </trkpt>
      <trkpt lat="37.12887" lon="-118.48091">
        <ele>2984.0</ele>
      </trkpt>
      <trkpt lat="37.12884" lon="-118.48085">
        <ele>2983.28</ele>
      </trkpt>
      <trkpt lat="37.12881" lon="-118.48084">
        <ele>2983.13</ele>
      </trkpt>
      <trkpt lat="37.12879" lon="-118.48086">
        <ele>2983.56</ele>
      </trkpt>
      <trkpt lat="37.12877" lon="-118.48094">
        <ele>2984.91</ele>
      </trkpt>
      <trkpt lat="37.12873" lon="-118.48096">
        <ele>2984.92</ele>
      </trkpt>
      <trkpt lat="37.1287" lon="-118.48097">
        <ele>2984.91</ele>
      </trkpt>
      <trkpt lat="37.12868" lon="-118.48094">
        <ele>2984.05</ele>
      </trkpt>
      <trkpt lat="37.12867" lon="-118.48091">
        <ele>2983.4</ele>
      </trkpt>
      <trkpt lat="37.12867" lon="-118.48088">
        <ele>2982.96</ele>
      </trkpt>
      <trkpt lat="37.12868" lon="-118.48083">
        <ele>2982.39</ele>
      </trkpt>
      <trkpt lat="37.1287" lon="-118.48078">
        <ele>2981.22</ele>
      </trkpt>
      <trkpt lat="37.12876" lon="-118.48071">
        <ele>2979.28</ele>
      </trkpt>
      <trkpt lat="37.12879" lon="-118.48068">
        <ele>2978.31</ele>
      </trkpt>
      <trkpt lat="37.12883" lon="-118.48067">
        <ele>2977.86</ele>
      </trkpt>
      <trkpt lat="37.12888" lon="-118.48067">
        <ele>2977.73</ele>
      </trkpt>
      <trkpt lat="37.12892" lon="-118.48071">
        <ele>2979.12</ele>
      </trkpt>
      <trkpt lat="37.12895" lon="-118.48077">
        <ele>2980.74</ele>
      </trkpt>
      <trkpt lat="37.129" lon="-118.48086">
        <ele>2982.09</ele>
      </trkpt>
      <trkpt lat="37.12904" lon="-118.4809">
        <ele>2982.09</ele>
      </trkpt>
      <trkpt lat="37.12905" lon="-118.48094">
        <ele>2982.45</ele>
      </trkpt>
      <trkpt lat="37.12908" lon="-118.48099">
        <ele>2982.56</ele>
      </trkpt>
      <trkpt lat="37.12912" lon="-118.481">
        <ele>2981.81</ele>
      </trkpt>
      <trkpt lat="37.12915" lon="-118.481">
        <ele>2981.16</ele>
      </trkpt>
      <trkpt lat="37.12914" lon="-118.48093">
        <ele>2980.62</ele>
      </trkpt>
      <trkpt lat="37.12911" lon="-118.48088">
        <ele>2980.92</ele>
      </trkpt>
      <trkpt lat="37.12902" lon="-118.48067">
        <ele>2978.79</ele>
      </trkpt>
      <trkpt lat="37.12899" lon="-118.48063">
        <ele>2978.09</ele>
      </trkpt>
      <trkpt lat="37.12897" lon="-118.48059">
        <ele>2977.8</ele>
      </trkpt>
      <trkpt lat="37.12894" lon="-118.48058">
        <ele>2977.22</ele>
      </trkpt>
      <trkpt lat="37.12893" lon="-118.48055">
        <ele>2976.95</ele>
      </trkpt>
      <trkpt lat="37.12899" lon="-118.48054">
        <ele>2978.29</ele>
      </trkpt>
      <trkpt lat="37.129" lon="-118.48054">
        <ele>2978.44</ele>
      </trkpt>
      <trkpt lat="37.12899" lon="-118.48051">
        <ele>2978.67</ele>
      </trkpt>
      <trkpt lat="37.12886" lon="-118.48041">
        <ele>2977.34</ele>
      </trkpt>
      <trkpt lat="37.12878" lon="-118.48032">
        <ele>2976.46</ele>
      </trkpt>
      <trkpt lat="37.12871" lon="-118.48012">
        <ele>2976.75</ele>
      </trkpt>
      <trkpt lat="37.12866" lon="-118.47992">
        <ele>2976.96</ele>
      </trkpt>
      <trkpt lat="37.12864" lon="-118.47977">
        <ele>2977.36</ele>
      </trkpt>
      <trkpt lat="37.12863" lon="-118.47965">
        <ele>2977.38</ele>
      </trkpt>
      <trkpt lat="37.12859" lon="-118.47947">
        <ele>2974.4</ele>
      </trkpt>
      <trkpt lat="37.12856" lon="-118.4793">
        <ele>2970.13</ele>
      </trkpt>
      <trkpt lat="37.12853" lon="-118.47918">
        <ele>2966.03</ele>
      </trkpt>
      <trkpt lat="37.12851" lon="-118.47912">
        <ele>2963.67</ele>
      </trkpt>
      <trkpt lat="37.12851" lon="-118.47905">
        <ele>2962.46</ele>
      </trkpt>
      <trkpt lat="37.12859" lon="-118.47888">
        <ele>2967.43</ele>
      </trkpt>
      <trkpt lat="37.12861" lon="-118.47853">
        <ele>2967.92</ele>
      </trkpt>
      <trkpt lat="37.12857" lon="-118.47836">
        <ele>2964.34</ele>
      </trkpt>
      <trkpt lat="37.1285" lon="-118.47803">
        <ele>2963.5</ele>
      </trkpt>
      <trkpt lat="37.12845" lon="-118.47759">
        <ele>2966.59</ele>
      </trkpt>
      <trkpt lat="37.12845" lon="-118.47744">
        <ele>2967.73</ele>
      </trkpt>
      <trkpt lat="37.12847" lon="-118.4772">
        <ele>2970.45</ele>
      </trkpt>
      <trkpt lat="37.1285" lon="-118.47698">
        <ele>2974.82</ele>
      </trkpt>
      <trkpt lat="37.12845" lon="-118.47669">
        <ele>2967.66</ele>
      </trkpt>
      <trkpt lat="37.12846" lon="-118.47645">
        <ele>2964.74</ele>
      </trkpt>
      <trkpt lat="37.1285" lon="-118.4763">
        <ele>2964.27</ele>
      </trkpt>
      <trkpt lat="37.12854" lon="-118.4762">
        <ele>2963.63</ele>
      </trkpt>
      <trkpt lat="37.12856" lon="-118.47604">
        <ele>2961.26</ele>
      </trkpt>
      <trkpt lat="37.12859" lon="-118.47591">
        <ele>2959.61</ele>
      </trkpt>
      <trkpt lat="37.12862" lon="-118.4756">
        <ele>2953.25</ele>
      </trkpt>
      <trkpt lat="37.12865" lon="-118.47551">
        <ele>2952.28</ele>
      </trkpt>
      <trkpt lat="37.12873" lon="-118.4754">
        <ele>2952.21</ele>
      </trkpt>
      <trkpt lat="37.1289" lon="-118.47511">
        <ele>2949.5</ele>
      </trkpt>
      <trkpt lat="37.1289" lon="-118.47507">
        <ele>2948.63</ele>
      </trkpt>
      <trkpt lat="37.1289" lon="-118.47501">
        <ele>2947.34</ele>
      </trkpt>
      <trkpt lat="37.12905" lon="-118.47492">
        <ele>2947.01</ele>
      </trkpt>
      <trkpt lat="37.12926" lon="-118.47481">
        <ele>2949.87</ele>
      </trkpt>
      <trkpt lat="37.12932" lon="-118.47471">
        <ele>2948.7</ele>
      </trkpt>
      <trkpt lat="37.12944" lon="-118.47444">
        <ele>2944.76</ele>
      </trkpt>
      <trkpt lat="37.12957" lon="-118.4742">
        <ele>2941.2</ele>
      </trkpt>
      <trkpt lat="37.12975" lon="-118.4739">
        <ele>2942.6</ele>
      </trkpt>
      <trkpt lat="37.12976" lon="-118.47384">
        <ele>2942.82</ele>
      </trkpt>
      <trkpt lat="37.12969" lon="-118.47364">
        <ele>2941.38</ele>
      </trkpt>
      <trkpt lat="37.12964" lon="-118.47354">
        <ele>2938.57</ele>
      </trkpt>
      <trkpt lat="37.12962" lon="-118.47345">
        <ele>2936.39</ele>
      </trkpt>
      <trkpt lat="37.12964" lon="-118.4734">
        <ele>2935.63</ele>
      </trkpt>
      <trkpt lat="37.1297" lon="-118.47334">
        <ele>2934.96</ele>
      </trkpt>
      <trkpt lat="37.1298" lon="-118.47328">
        <ele>2936.82</ele>
      </trkpt>
      <trkpt lat="37.1299" lon="-118.47315">
        <ele>2936.8</ele>
      </trkpt>
      <trkpt lat="37.12993" lon="-118.47314">
        <ele>2936.96</ele>
      </trkpt>
      <trkpt lat="37.13002" lon="-118.47317">
        <ele>2938.42</ele>
      </trkpt>
      <trkpt lat="37.13011" lon="-118.47322">
        <ele>2938.59</ele>
      </trkpt>
      <trkpt lat="37.13018" lon="-118.47323">
        <ele>2937.94</ele>
      </trkpt>
      <trkpt lat="37.13024" lon="-118.47321">
        <ele>2937.67</ele>
      </trkpt>
      <trkpt lat="37.1303" lon="-118.47322">
        <ele>2937.54</ele>
      </trkpt>
      <trkpt lat="37.1304" lon="-118.47328">
        <ele>2937.71</ele>
      </trkpt>
      <trkpt lat="37.13049" lon="-118.47333">
        <ele>2937.67</ele>
      </trkpt>
      <trkpt lat="37.13062" lon="-118.47334">
        <ele>2936.45</ele>
      </trkpt>
      <trkpt lat="37.13084" lon="-118.47331">
        <ele>2933.44</ele>
      </trkpt>
      <trkpt lat="37.13102" lon="-118.4733">
        <ele>2931.62</ele>
      </trkpt>
      <trkpt lat="37.13124" lon="-118.47322">
        <ele>2929.38</ele>
      </trkpt>
      <trkpt lat="37.13135" lon="-118.47315">
        <ele>2927.44</ele>
      </trkpt>
      <trkpt lat="37.13146" lon="-118.47303">
        <ele>2925.4</ele>
      </trkpt>
      <trkpt lat="37.13152" lon="-118.47286">
        <ele>2924.58</ele>
      </trkpt>
      <trkpt lat="37.13154" lon="-118.47264">
        <ele>2924.19</ele>
      </trkpt>
      <trkpt lat="37.13154" lon="-118.47256">
        <ele>2923.78</ele>
      </trkpt>
      <trkpt lat="37.13151" lon="-118.47253">
        <ele>2923.79</ele>
      </trkpt>
      <trkpt lat="37.13144" lon="-118.47251">
        <ele>2924.0</ele>
      </trkpt>
      <trkpt lat="37.13138" lon="-118.47251">
        <ele>2923.91</ele>
      </trkpt>
      <trkpt lat="37.13133" lon="-118.47251">
        <ele>2923.43</ele>
      </trkpt>
      <trkpt lat="37.13133" lon="-118.4725">
        <ele>2923.36</ele>
      </trkpt>
      <trkpt lat="37.13134" lon="-118.47248">
        <ele>2923.03</ele>
      </trkpt>
      <trkpt lat="37.13146" lon="-118.47242">
        <ele>2923.14</ele>
      </trkpt>
      <trkpt lat="37.13153" lon="-118.47236">
        <ele>2920.43</ele>
      </trkpt>
      <trkpt lat="37.13174" lon="-118.47226">
        <ele>2906.35</ele>
      </trkpt>
      <trkpt lat="37.13184" lon="-118.47225">
        <ele>2902.37</ele>
      </trkpt>
      <trkpt lat="37.13192" lon="-118.47227">
        <ele>2901.64</ele>
      </trkpt>
      <trkpt lat="37.13199" lon="-118.47226">
        <ele>2901.81</ele>
      </trkpt>
      <trkpt lat="37.13206" lon="-118.47224">
        <ele>2902.12</ele>
      </trkpt>
      <trkpt lat="37.13212" lon="-118.4722">
        <ele>2902.34</ele>
      </trkpt>
      <trkpt lat="37.13217" lon="-118.47215">
        <ele>2902.07</ele>
      </trkpt>
      <trkpt lat="37.13235" lon="-118.472">
        <ele>2901.21</ele>
      </trkpt>
      <trkpt lat="37.13254" lon="-118.47179">
        <ele>2899.1</ele>
      </trkpt>
      <trkpt lat="37.1327" lon="-118.47165">
        <ele>2897.8</ele>
      </trkpt>
      <trkpt lat="37.13273" lon="-118.47162">
        <ele>2897.48</ele>
      </trkpt>
      <trkpt lat="37.13274" lon="-118.4716">
        <ele>2897.15</ele>
      </trkpt>
      <trkpt lat="37.13273" lon="-118.47158">
        <ele>2896.61</ele>
      </trkpt>
      <trkpt lat="37.13271" lon="-118.47156">
        <ele>2896.08</ele>
      </trkpt>
      <trkpt lat="37.13261" lon="-118.47161">
        <ele>2895.96</ele>
      </trkpt>
      <trkpt lat="37.13258" lon="-118.47159">
        <ele>2895.32</ele>
      </trkpt>
      <trkpt lat="37.13258" lon="-118.47154">
        <ele>2894.58</ele>
      </trkpt>
      <trkpt lat="37.13264" lon="-118.47148">
        <ele>2894.49</ele>
      </trkpt>
      <trkpt lat="37.13274" lon="-118.4714">
        <ele>2893.24</ele>
      </trkpt>
      <trkpt lat="37.13289" lon="-118.47135">
        <ele>2893.16</ele>
      </trkpt>
      <trkpt lat="37.13297" lon="-118.47135">
        <ele>2893.16</ele>
      </trkpt>
      <trkpt lat="37.13304" lon="-118.47133">
        <ele>2892.73</ele>
      </trkpt>
      <trkpt lat="37.13312" lon="-118.47129">
        <ele>2891.88</ele>
      </trkpt>
      <trkpt lat="37.13319" lon="-118.47121">
        <ele>2890.14</ele>
      </trkpt>
      <trkpt lat="37.13326" lon="-118.47111">
        <ele>2887.76</ele>
      </trkpt>
      <trkpt lat="37.13337" lon="-118.4709">
        <ele>2882.01</ele>
      </trkpt>
      <trkpt lat="37.13346" lon="-118.4708">
        <ele>2880.88</ele>
      </trkpt>
      <trkpt lat="37.1336" lon="-118.47066">
        <ele>2879.14</ele>
      </trkpt>
      <trkpt lat="37.13367" lon="-118.47062">
        <ele>2878.39</ele>
      </trkpt>
      <trkpt lat="37.13374" lon="-118.47056">
        <ele>2877.1</ele>
      </trkpt>
      <trkpt lat="37.13384" lon="-118.47047">
        <ele>2875.15</ele>
      </trkpt>
      <trkpt lat="37.13394" lon="-118.47043">
        <ele>2873.74</ele>
      </trkpt>
      <trkpt lat="37.13402" lon="-118.47039">
        <ele>2872.01</ele>
      </trkpt>
      <trkpt lat="37.13411" lon="-118.47038">
        <ele>2870.82</ele>
      </trkpt>
      <trkpt lat="37.1342" lon="-118.47038">
        <ele>2869.53</ele>
      </trkpt>
      <trkpt lat="37.1344" lon="-118.4704">
        <ele>2865.6</ele>
      </trkpt>
      <trkpt lat="37.1345" lon="-118.47044">
        <ele>2863.85</ele>
      </trkpt>
      <trkpt lat="37.13452" lon="-118.47043">
        <ele>2863.13</ele>
      </trkpt>
      <trkpt lat="37.13452" lon="-118.47039">
        <ele>2862.62</ele>
      </trkpt>
      <trkpt lat="37.13446" lon="-118.4703">
        <ele>2862.9</ele>
      </trkpt>
      <trkpt lat="37.13442" lon="-118.47025">
        <ele>2862.93</ele>
      </trkpt>
      <trkpt lat="37.13439" lon="-118.47019">
        <ele>2862.28</ele>
      </trkpt>
      <trkpt lat="37.1344" lon="-118.4701">
        <ele>2861.04</ele>
      </trkpt>
      <trkpt lat="37.13441" lon="-118.47004">
        <ele>2859.61</ele>
      </trkpt>
      <trkpt lat="37.13446" lon="-118.47003">
        <ele>2858.43</ele>
      </trkpt>
      <trkpt lat="37.13463" lon="-118.47003">
        <ele>2856.65</ele>
      </trkpt>
      <trkpt lat="37.13477" lon="-118.47004">
        <ele>2856.65</ele>
      </trkpt>
      <trkpt lat="37.13488" lon="-118.47003">
        <ele>2857.12</ele>
      </trkpt>
      <trkpt lat="37.13498" lon="-118.46999">
        <ele>2856.78</ele>
      </trkpt>
      <trkpt lat="37.13525" lon="-118.46985">
        <ele>2855.46</ele>
      </trkpt>
      <trkpt lat="37.13531" lon="-118.46983">
        <ele>2855.68</ele>
      </trkpt>
      <trkpt lat="37.13533" lon="-118.46981">
        <ele>2855.51</ele>
      </trkpt>
      <trkpt lat="37.13535" lon="-118.46974">
        <ele>2854.97</ele>
      </trkpt>
      <trkpt lat="37.13535" lon="-118.46965">
        <ele>2853.83</ele>
      </trkpt>
      <trkpt lat="37.13534" lon="-118.46955">
        <ele>2852.2</ele>
      </trkpt>
      <trkpt lat="37.13531" lon="-118.46946">
        <ele>2849.38</ele>
      </trkpt>
      <trkpt lat="37.13528" lon="-118.46938">
        <ele>2846.68</ele>
      </trkpt>
      <trkpt lat="37.13526" lon="-118.46907">
        <ele>2838.71</ele>
      </trkpt>
      <trkpt lat="37.13528" lon="-118.46895">
        <ele>2836.39</ele>
      </trkpt>
      <trkpt lat="37.13528" lon="-118.46887">
        <ele>2834.66</ele>
      </trkpt>
      <trkpt lat="37.13529" lon="-118.46882">
        <ele>2833.91</ele>
      </trkpt>
      <trkpt lat="37.13532" lon="-118.46872">
        <ele>2832.72</ele>
      </trkpt>
      <trkpt lat="37.13532" lon="-118.46869">
        <ele>2832.07</ele>
      </trkpt>
      <trkpt lat="37.1353" lon="-118.46867">
        <ele>2830.99</ele>
      </trkpt>
      <trkpt lat="37.13528" lon="-118.46868">
        <ele>2830.56</ele>
      </trkpt>
      <trkpt lat="37.13526" lon="-118.46869">
        <ele>2830.13</ele>
      </trkpt>
      <trkpt lat="37.13524" lon="-118.46868">
        <ele>2829.26</ele>
      </trkpt>
      <trkpt lat="37.13523" lon="-118.46865">
        <ele>2828.29</ele>
      </trkpt>
      <trkpt lat="37.13521" lon="-118.46865">
        <ele>2827.64</ele>
      </trkpt>
      <trkpt lat="37.13516" lon="-118.46865">
        <ele>2825.91</ele>
      </trkpt>
      <trkpt lat="37.13515" lon="-118.46864">
        <ele>2825.37</ele>
      </trkpt>
      <trkpt lat="37.13516" lon="-118.46862">
        <ele>2825.35</ele>
      </trkpt>
      <trkpt lat="37.13522" lon="-118.46855">
        <ele>2826.88</ele>
      </trkpt>
      <trkpt lat="37.13527" lon="-118.46851">
        <ele>2827.66</ele>
      </trkpt>
      <trkpt lat="37.13527" lon="-118.46849">
        <ele>2827.24</ele>
      </trkpt>
      <trkpt lat="37.13521" lon="-118.46848">
        <ele>2826.01</ele>
      </trkpt>
      <trkpt lat="37.13515" lon="-118.46846">
        <ele>2824.09</ele>
      </trkpt>
      <trkpt lat="37.13511" lon="-118.46844">
        <ele>2822.59</ele>
      </trkpt>
      <trkpt lat="37.13507" lon="-118.4684">
        <ele>2821.23</ele>
      </trkpt>
      <trkpt lat="37.13505" lon="-118.46837">
        <ele>2820.48</ele>
      </trkpt>
      <trkpt lat="37.13505" lon="-118.46832">
        <ele>2820.0</ele>
      </trkpt>
      <trkpt lat="37.13508" lon="-118.46828">
        <ele>2820.23</ele>
      </trkpt>
      <trkpt lat="37.1351" lon="-118.46828">
        <ele>2820.54</ele>
      </trkpt>
      <trkpt lat="37.13519" lon="-118.46831">
        <ele>2822.6</ele>
      </trkpt>
      <trkpt lat="37.13527" lon="-118.46828">
        <ele>2823.68</ele>
      </trkpt>
      <trkpt lat="37.13533" lon="-118.46821">
        <ele>2822.71</ele>
      </trkpt>
      <trkpt lat="37.13537" lon="-118.46814">
        <ele>2820.91</ele>
      </trkpt>
      <trkpt lat="37.1354" lon="-118.46811">
        <ele>2820.78</ele>
      </trkpt>
      <trkpt lat="37.13542" lon="-118.46807">
        <ele>2820.24</ele>
      </trkpt>
      <trkpt lat="37.13543" lon="-118.468">
        <ele>2819.4</ele>
      </trkpt>
      <trkpt lat="37.13543" lon="-118.46786">
        <ele>2818.64</ele>
      </trkpt>
      <trkpt lat="37.13544" lon="-118.46781">
        <ele>2818.75</ele>
      </trkpt>
      <trkpt lat="37.13544" lon="-118.46772">
        <ele>2818.6</ele>
      </trkpt>
      <trkpt lat="37.13542" lon="-118.46764">
        <ele>2818.07</ele>
      </trkpt>
      <trkpt lat="37.13539" lon="-118.46758">
        <ele>2817.29</ele>
      </trkpt>
      <trkpt lat="37.13538" lon="-118.46754">
        <ele>2816.64</ele>
      </trkpt>
      <trkpt lat="37.1354" lon="-118.46736">
        <ele>2815.81</ele>
      </trkpt>
      <trkpt lat="37.13539" lon="-118.46722">
        <ele>2813.4</ele>
      </trkpt>
      <trkpt lat="37.1354" lon="-118.46716">
        <ele>2812.97</ele>
      </trkpt>
      <trkpt lat="37.13541" lon="-118.46708">
        <ele>2812.32</ele>
      </trkpt>
      <trkpt lat="37.13542" lon="-118.46696">
        <ele>2811.24</ele>
      </trkpt>
      <trkpt lat="37.13544" lon="-118.46687">
        <ele>2810.1</ele>
      </trkpt>
      <trkpt lat="37.13544" lon="-118.46687">
        <ele>2810.1</ele>
      </trkpt>
      <trkpt lat="37.13551" lon="-118.46665">
        <ele>2807.24</ele>
      </trkpt>
      <trkpt lat="37.13553" lon="-118.46653">
        <ele>2805.63</ele>
      </trkpt>
      <trkpt lat="37.13556" lon="-118.46645">
        <ele>2804.37</ele>
      </trkpt>
      <trkpt lat="37.1357" lon="-118.46624">
        <ele>2801.39</ele>
      </trkpt>
      <trkpt lat="37.13576" lon="-118.46617">
        <ele>2800.64</ele>
      </trkpt>
      <trkpt lat="37.13583" lon="-118.46612">
        <ele>2800.1</ele>
      </trkpt>
      <trkpt lat="37.13586" lon="-118.46611">
        <ele>2800.28</ele>
      </trkpt>
      <trkpt lat="37.13588" lon="-118.46608">
        <ele>2800.34</ele>
      </trkpt>
      <trkpt lat="37.13589" lon="-118.46602">
        <ele>2800.23</ele>
      </trkpt>
      <trkpt lat="37.13588" lon="-118.46593">
        <ele>2799.53</ele>
      </trkpt>
      <trkpt lat="37.13588" lon="-118.46586">
        <ele>2799.5</ele>
      </trkpt>
      <trkpt lat="37.13589" lon="-118.46579">
        <ele>2799.14</ele>
      </trkpt>
      <trkpt lat="37.13595" lon="-118.46568">
        <ele>2799.35</ele>
      </trkpt>
      <trkpt lat="37.13601" lon="-118.46562">
        <ele>2799.6</ele>
      </trkpt>
      <trkpt lat="37.13607" lon="-118.46551">
        <ele>2799.06</ele>
      </trkpt>
      <trkpt lat="37.13615" lon="-118.46534">
        <ele>2798.09</ele>
      </trkpt>
      <trkpt lat="37.13619" lon="-118.46522">
        <ele>2797.85</ele>
      </trkpt>
      <trkpt lat="37.13622" lon="-118.46508">
        <ele>2797.35</ele>
      </trkpt>
      <trkpt lat="37.13621" lon="-118.46485">
        <ele>2796.52</ele>
      </trkpt>
      <trkpt lat="37.1362" lon="-118.46469">
        <ele>2794.92</ele>
      </trkpt>
      <trkpt lat="37.13621" lon="-118.46441">
        <ele>2792.76</ele>
      </trkpt>
      <trkpt lat="37.1362" lon="-118.46405">
        <ele>2789.67</ele>
      </trkpt>
      <trkpt lat="37.13622" lon="-118.46392">
        <ele>2789.24</ele>
      </trkpt>
      <trkpt lat="37.13636" lon="-118.46354">
        <ele>2787.92</ele>
      </trkpt>
      <trkpt lat="37.13644" lon="-118.46335">
        <ele>2786.81</ele>
      </trkpt>
      <trkpt lat="37.13655" lon="-118.46315">
        <ele>2785.76</ele>
      </trkpt>
      <trkpt lat="37.13663" lon="-118.46305">
        <ele>2784.51</ele>
      </trkpt>
      <trkpt lat="37.13669" lon="-118.46295">
        <ele>2783.08</ele>
      </trkpt>
      <trkpt lat="37.13671" lon="-118.46283">
        <ele>2781.33</ele>
      </trkpt>
      <trkpt lat="37.13671" lon="-118.46269">
        <ele>2779.52</ele>
      </trkpt>
      <trkpt lat="37.13673" lon="-118.46257">
        <ele>2778.68</ele>
      </trkpt>
      <trkpt lat="37.13678" lon="-118.46238">
        <ele>2778.38</ele>
      </trkpt>
      <trkpt lat="37.13683" lon="-118.46217">
        <ele>2777.76</ele>
      </trkpt>
      <trkpt lat="37.13688" lon="-118.46202">
        <ele>2778.3</ele>
      </trkpt>
      <trkpt lat="37.13697" lon="-118.46182">
        <ele>2779.65</ele>
      </trkpt>
      <trkpt lat="37.13699" lon="-118.46159">
        <ele>2780.48</ele>
      </trkpt>
      <trkpt lat="37.13706" lon="-118.46139">
        <ele>2782.99</ele>
      </trkpt>
      <trkpt lat="37.13709" lon="-118.46129">
        <ele>2784.22</ele>
      </trkpt>
      <trkpt lat="37.13709" lon="-118.46116">
        <ele>2783.29</ele>
      </trkpt>
      <trkpt lat="37.13709" lon="-118.46097">
        <ele>2782.49</ele>
      </trkpt>
      <trkpt lat="37.1371" lon="-118.46059">
        <ele>2779.29</ele>
      </trkpt>
      <trkpt lat="37.13712" lon="-118.46049">
        <ele>2779.61</ele>
      </trkpt>
      <trkpt lat="37.13717" lon="-118.46039">
        <ele>2782.62</ele>
      </trkpt>
      <trkpt lat="37.13718" lon="-118.46036">
        <ele>2783.24</ele>
      </trkpt>
      <trkpt lat="37.13717" lon="-118.4603">
        <ele>2783.08</ele>
      </trkpt>
      <trkpt lat="37.13717" lon="-118.4602">
        <ele>2783.65</ele>
      </trkpt>
      <trkpt lat="37.13719" lon="-118.46006">
        <ele>2784.84</ele>
      </trkpt>
      <trkpt lat="37.13719" lon="-118.46">
        <ele>2785.26</ele>
      </trkpt>
      <trkpt lat="37.13712" lon="-118.4598">
        <ele>2781.48</ele>
      </trkpt>
      <trkpt lat="37.13706" lon="-118.45965">
        <ele>2778.24</ele>
      </trkpt>
      <trkpt lat="37.13702" lon="-118.45943">
        <ele>2776.26</ele>
      </trkpt>
      <trkpt lat="37.13695" lon="-118.45916">
        <ele>2773.24</ele>
      </trkpt>
      <trkpt lat="37.1369" lon="-118.45906">
        <ele>2771.0</ele>
      </trkpt>
      <trkpt lat="37.13679" lon="-118.45885">
        <ele>2767.0</ele>
      </trkpt>
      <trkpt lat="37.13674" lon="-118.45873">
        <ele>2765.38</ele>
      </trkpt>
      <trkpt lat="37.13658" lon="-118.45831">
        <ele>2759.38</ele>
      </trkpt>
      <trkpt lat="37.13639" lon="-118.4578">
        <ele>2756.79</ele>
      </trkpt>
      <trkpt lat="37.13619" lon="-118.4573">
        <ele>2755.02</ele>
      </trkpt>
      <trkpt lat="37.13611" lon="-118.4572">
        <ele>2755.44</ele>
      </trkpt>
      <trkpt lat="37.13604" lon="-118.45714">
        <ele>2754.47</ele>
      </trkpt>
      <trkpt lat="37.13597" lon="-118.45706">
        <ele>2753.93</ele>
      </trkpt>
      <trkpt lat="37.13588" lon="-118.45699">
        <ele>2752.03</ele>
      </trkpt>
      <trkpt lat="37.13562" lon="-118.45672">
        <ele>2747.18</ele>
      </trkpt>
      <trkpt lat="37.1355" lon="-118.45666">
        <ele>2744.82</ele>
      </trkpt>
      <trkpt lat="37.13538" lon="-118.45657">
        <ele>2743.44</ele>
      </trkpt>
      <trkpt lat="37.13524" lon="-118.45641">
        <ele>2742.78</ele>
      </trkpt>
      <trkpt lat="37.13517" lon="-118.45635">
        <ele>2741.6</ele>
      </trkpt>
      <trkpt lat="37.13504" lon="-118.45625">
        <ele>2738.73</ele>
      </trkpt>
      <trkpt lat="37.13495" lon="-118.45622">
        <ele>2735.49</ele>
      </trkpt>
      <trkpt lat="37.13486" lon="-118.45616">
        <ele>2733.41</ele>
      </trkpt>
      <trkpt lat="37.13479" lon="-118.45615">
        <ele>2730.93</ele>
      </trkpt>
      <trkpt lat="37.13476" lon="-118.4561">
        <ele>2730.28</ele>
      </trkpt>
      <trkpt lat="37.13468" lon="-118.45605">
        <ele>2728.11</ele>
      </trkpt>
      <trkpt lat="37.13461" lon="-118.45603">
        <ele>2726.24</ele>
      </trkpt>
      <trkpt lat="37.13455" lon="-118.456">
        <ele>2724.62</ele>
      </trkpt>
      <trkpt lat="37.13449" lon="-118.456">
        <ele>2722.17</ele>
      </trkpt>
      <trkpt lat="37.13445" lon="-118.45598">
        <ele>2720.66</ele>
      </trkpt>
      <trkpt lat="37.13443" lon="-118.45595">
        <ele>2720.12</ele>
      </trkpt>
      <trkpt lat="37.13436" lon="-118.45578">
        <ele>2718.02</ele>
      </trkpt>
      <trkpt lat="37.13432" lon="-118.45566">
        <ele>2716.85</ele>
      </trkpt>
      <trkpt lat="37.13429" lon="-118.45549">
        <ele>2713.62</ele>
      </trkpt>
      <trkpt lat="37.13426" lon="-118.45547">
        <ele>2711.13</ele>
      </trkpt>
      <trkpt lat="37.13425" lon="-118.45543">
        <ele>2709.57</ele>
      </trkpt>
      <trkpt lat="37.13427" lon="-118.45535">
        <ele>2707.74</ele>
      </trkpt>
      <trkpt lat="37.13432" lon="-118.45534">
        <ele>2709.98</ele>
      </trkpt>
      <trkpt lat="37.13439" lon="-118.45532">
        <ele>2712.03</ele>
      </trkpt>
      <trkpt lat="37.13444" lon="-118.45529">
        <ele>2711.86</ele>
      </trkpt>
      <trkpt lat="37.13446" lon="-118.45526">
        <ele>2710.47</ele>
      </trkpt>
      <trkpt lat="37.13446" lon="-118.45523">
        <ele>2707.88</ele>
      </trkpt>
      <trkpt lat="37.13442" lon="-118.45525">
        <ele>2707.62</ele>
      </trkpt>
      <trkpt lat="37.13437" lon="-118.45526">
        <ele>2706.4</ele>
      </trkpt>
      <trkpt lat="37.13431" lon="-118.45524">
        <ele>2702.97</ele>
      </trkpt>
      <trkpt lat="37.13428" lon="-118.4552">
        <ele>2699.44</ele>
      </trkpt>
      <trkpt lat="37.13421" lon="-118.4552">
        <ele>2697.81</ele>
      </trkpt>
      <trkpt lat="37.13418" lon="-118.45525">
        <ele>2699.89</ele>
      </trkpt>
      <trkpt lat="37.13417" lon="-118.45528">
        <ele>2701.2</ele>
      </trkpt>
      <trkpt lat="37.13412" lon="-118.4553">
        <ele>2699.82</ele>
      </trkpt>
      <trkpt lat="37.13411" lon="-118.45528">
        <ele>2698.63</ele>
      </trkpt>
      <trkpt lat="37.13416" lon="-118.4552">
        <ele>2696.51</ele>
      </trkpt>
      <trkpt lat="37.13418" lon="-118.4551">
        <ele>2689.85</ele>
      </trkpt>
      <trkpt lat="37.13419" lon="-118.45508">
        <ele>2688.76</ele>
      </trkpt>
      <trkpt lat="37.13431" lon="-118.45506">
        <ele>2689.63</ele>
      </trkpt>
      <trkpt lat="37.13438" lon="-118.45506">
        <ele>2691.45</ele>
      </trkpt>
      <trkpt lat="37.13445" lon="-118.45505">
        <ele>2693.08</ele>
      </trkpt>
      <trkpt lat="37.13451" lon="-118.45504">
        <ele>2695.56</ele>
      </trkpt>
      <trkpt lat="37.13457" lon="-118.45501">
        <ele>2696.57</ele>
      </trkpt>
      <trkpt lat="37.13462" lon="-118.455">
        <ele>2698.48</ele>
      </trkpt>
      <trkpt lat="37.13464" lon="-118.45498">
        <ele>2698.16</ele>
      </trkpt>
      <trkpt lat="37.13462" lon="-118.45496">
        <ele>2695.41</ele>
      </trkpt>
      <trkpt lat="37.13457" lon="-118.45496">
        <ele>2692.48</ele>
      </trkpt>
      <trkpt lat="37.13453" lon="-118.45498">
        <ele>2691.91</ele>
      </trkpt>
      <trkpt lat="37.13446" lon="-118.45499">
        <ele>2689.07</ele>
      </trkpt>
      <trkpt lat="37.13438" lon="-118.45496">
        <ele>2683.89</ele>
      </trkpt>
      <trkpt lat="37.13435" lon="-118.45494">
        <ele>2681.44</ele>
      </trkpt>
      <trkpt lat="37.13431" lon="-118.45494">
        <ele>2680.85</ele>
      </trkpt>
      <trkpt lat="37.13428" lon="-118.45491">
        <ele>2678.4</ele>
      </trkpt>
      <trkpt lat="37.13428" lon="-118.45486">
        <ele>2674.64</ele>
      </trkpt>
      <trkpt lat="37.13432" lon="-118.45487">
        <ele>2675.83</ele>
      </trkpt>
      <trkpt lat="37.13442" lon="-118.45486">
        <ele>2677.62</ele>
      </trkpt>
      <trkpt lat="37.13452" lon="-118.45481">
        <ele>2677.9</ele>
      </trkpt>
      <trkpt lat="37.13463" lon="-118.45474">
        <ele>2679.37</ele>
      </trkpt>
      <trkpt lat="37.13475" lon="-118.45466">
        <ele>2680.7</ele>
      </trkpt>
      <trkpt lat="37.13494" lon="-118.45454">
        <ele>2680.86</ele>
      </trkpt>
      <trkpt lat="37.13516" lon="-118.45435">
        <ele>2677.81</ele>
      </trkpt>
      <trkpt lat="37.13531" lon="-118.4542">
        <ele>2675.43</ele>
      </trkpt>
      <trkpt lat="37.13544" lon="-118.45409">
        <ele>2673.29</ele>
      </trkpt>
      <trkpt lat="37.1355" lon="-118.45405">
        <ele>2673.4</ele>
      </trkpt>
      <trkpt lat="37.13559" lon="-118.45382">
        <ele>2672.49</ele>
      </trkpt>
      <trkpt lat="37.1356" lon="-118.45376">
        <ele>2673.11</ele>
      </trkpt>
      <trkpt lat="37.1356" lon="-118.45372">
        <ele>2673.32</ele>
      </trkpt>
      <trkpt lat="37.13556" lon="-118.45366">
        <ele>2671.71</ele>
      </trkpt>
      <trkpt lat="37.13554" lon="-118.45357">
        <ele>2671.77</ele>
      </trkpt>
      <trkpt lat="37.13553" lon="-118.45343">
        <ele>2672.85</ele>
      </trkpt>
      <trkpt lat="37.1355" lon="-118.45325">
        <ele>2673.5</ele>
      </trkpt>
      <trkpt lat="37.13548" lon="-118.45309">
        <ele>2673.55</ele>
      </trkpt>
      <trkpt lat="37.13546" lon="-118.45298">
        <ele>2673.66</ele>
      </trkpt>
      <trkpt lat="37.13533" lon="-118.45271">
        <ele>2669.14</ele>
      </trkpt>
      <trkpt lat="37.13523" lon="-118.45241">
        <ele>2665.42</ele>
      </trkpt>
      <trkpt lat="37.13519" lon="-118.45224">
        <ele>2664.25</ele>
      </trkpt>
      <trkpt lat="37.13513" lon="-118.45211">
        <ele>2661.02</ele>
      </trkpt>
      <trkpt lat="37.13508" lon="-118.45204">
        <ele>2658.05</ele>
      </trkpt>
      <trkpt lat="37.13504" lon="-118.45196">
        <ele>2654.66</ele>
      </trkpt>
      <trkpt lat="37.13498" lon="-118.45186">
        <ele>2649.58</ele>
      </trkpt>
      <trkpt lat="37.13496" lon="-118.45176">
        <ele>2647.41</ele>
      </trkpt>
      <trkpt lat="37.13491" lon="-118.45162">
        <ele>2641.68</ele>
      </trkpt>
      <trkpt lat="37.13486" lon="-118.4515">
        <ele>2638.34</ele>
      </trkpt>
      <trkpt lat="37.1348" lon="-118.45137">
        <ele>2637.7</ele>
      </trkpt>
      <trkpt lat="37.13463" lon="-118.45104">
        <ele>2638.1</ele>
      </trkpt>
      <trkpt lat="37.13445" lon="-118.4507">
        <ele>2631.81</ele>
      </trkpt>
      <trkpt lat="37.13437" lon="-118.45061">
        <ele>2626.98</ele>
      </trkpt>
      <trkpt lat="37.13427" lon="-118.45038">
        <ele>2621.81</ele>
      </trkpt>
      <trkpt lat="37.13414" lon="-118.45015">
        <ele>2621.41</ele>
      </trkpt>
      <trkpt lat="37.13396" lon="-118.44989">
        <ele>2618.36</ele>
      </trkpt>
      <trkpt lat="37.1339" lon="-118.44979">
        <ele>2617.29</ele>
      </trkpt>
      <trkpt lat="37.13382" lon="-118.44965">
        <ele>2616.98</ele>
      </trkpt>
      <trkpt lat="37.13369" lon="-118.44954">
        <ele>2614.32</ele>
      </trkpt>
      <trkpt lat="37.1336" lon="-118.44944">
        <ele>2612.66</ele>
      </trkpt>
      <trkpt lat="37.13347" lon="-118.44917">
        <ele>2613.81</ele>
      </trkpt>
      <trkpt lat="37.1331" lon="-118.44866">
        <ele>2603.57</ele>
      </trkpt>
      <trkpt lat="37.13297" lon="-118.4485">
        <ele>2603.04</ele>
      </trkpt>
      <trkpt lat="37.13273" lon="-118.44818">
        <ele>2605.9</ele>
      </trkpt>
      <trkpt lat="37.1326" lon="-118.44804">
        <ele>2605.82</ele>
      </trkpt>
      <trkpt lat="37.13255" lon="-118.44792">
        <ele>2607.55</ele>
      </trkpt>
      <trkpt lat="37.13233" lon="-118.4477">
        <ele>2605.18</ele>
      </trkpt>
      <trkpt lat="37.13226" lon="-118.44765">
        <ele>2604.14</ele>
      </trkpt>
      <trkpt lat="37.13214" lon="-118.44752">
        <ele>2603.69</ele>
      </trkpt>
      <trkpt lat="37.13188" lon="-118.44728">
        <ele>2600.34</ele>
      </trkpt>
      <trkpt lat="37.13168" lon="-118.44707">
        <ele>2598.51</ele>
      </trkpt>
      <trkpt lat="37.13142" lon="-118.44684">
        <ele>2595.06</ele>
      </trkpt>
      <trkpt lat="37.13122" lon="-118.44666">
        <ele>2591.17</ele>
      </trkpt>
      <trkpt lat="37.13107" lon="-118.44649">
        <ele>2589.97</ele>
      </trkpt>
      <trkpt lat="37.1309" lon="-118.44637">
        <ele>2585.42</ele>
      </trkpt>
      <trkpt lat="37.13069" lon="-118.4462">
        <ele>2581.4</ele>
      </trkpt>
      <trkpt lat="37.13036" lon="-118.44595">
        <ele>2573.77</ele>
      </trkpt>
      <trkpt lat="37.13014" lon="-118.44578">
        <ele>2570.78</ele>
      </trkpt>
      <trkpt lat="37.12987" lon="-118.44559">
        <ele>2567.52</ele>
      </trkpt>
      <trkpt lat="37.12951" lon="-118.44538">
        <ele>2561.15</ele>
      </trkpt>
      <trkpt lat="37.12922" lon="-118.44521">
        <ele>2555.23</ele>
      </trkpt>
      <trkpt lat="37.12886" lon="-118.44505">
        <ele>2546.28</ele>
      </trkpt>
      <trkpt lat="37.12803" lon="-118.44463">
        <ele>2535.16</ele>
      </trkpt>
      <trkpt lat="37.12776" lon="-118.44448">
        <ele>2530.77</ele>
      </trkpt>
      <trkpt lat="37.12763" lon="-118.44444">
        <ele>2527.4</ele>
      </trkpt>
      <trkpt lat="37.12739" lon="-118.44438">
        <ele>2521.52</ele>
      </trkpt>
      <trkpt lat="37.12722" lon="-118.44446">
        <ele>2514.43</ele>
      </trkpt>
      <trkpt lat="37.12709" lon="-118.44448">
        <ele>2510.38</ele>
      </trkpt>
      <trkpt lat="37.12701" lon="-118.44454">
        <ele>2507.07</ele>
      </trkpt>
      <trkpt lat="37.12692" lon="-118.44459">
        <ele>2504.2</ele>
      </trkpt>
      <trkpt lat="37.12668" lon="-118.44466">
        <ele>2504.66</ele>
      </trkpt>
      <trkpt lat="37.12645" lon="-118.44465">
        <ele>2504.44</ele>
      </trkpt>
      <trkpt lat="37.12631" lon="-118.44451">
        <ele>2500.56</ele>
      </trkpt>
      <trkpt lat="37.12618" lon="-118.44444">
        <ele>2497.65</ele>
      </trkpt>
      <trkpt lat="37.12599" lon="-118.44438">
        <ele>2495.39</ele>
      </trkpt>
      <trkpt lat="37.12578" lon="-118.44433">
        <ele>2493.97</ele>
      </trkpt>
      <trkpt lat="37.12569" lon="-118.4443">
        <ele>2493.32</ele>
      </trkpt>
      <trkpt lat="37.12556" lon="-118.4442">
        <ele>2491.06</ele>
      </trkpt>
      <trkpt lat="37.12536" lon="-118.44423">
        <ele>2493.16</ele>
      </trkpt>
      <trkpt lat="37.12524" lon="-118.44423">
        <ele>2494.46</ele>
      </trkpt>
      <trkpt lat="37.12475" lon="-118.44378">
        <ele>2483.47</ele>
      </trkpt>
      <trkpt lat="37.12465" lon="-118.44369">
        <ele>2480.29</ele>
      </trkpt>
      <trkpt lat="37.12454" lon="-118.44367">
        <ele>2478.21</ele>
      </trkpt>
      <trkpt lat="37.12447" lon="-118.44358">
        <ele>2471.63</ele>
      </trkpt>
      <trkpt lat="37.12454" lon="-118.44353">
        <ele>2470.68</ele>
      </trkpt>
      <trkpt lat="37.12476" lon="-118.44351">
        <ele>2472.62</ele>
      </trkpt>
      <trkpt lat="37.12495" lon="-118.44343">
        <ele>2472.57</ele>
      </trkpt>
      <trkpt lat="37.12495" lon="-118.44338">
        <ele>2471.24</ele>
      </trkpt>
      <trkpt lat="37.1248" lon="-118.4433">
        <ele>2466.24</ele>
      </trkpt>
      <trkpt lat="37.12479" lon="-118.44323">
        <ele>2463.12</ele>
      </trkpt>
      <trkpt lat="37.12494" lon="-118.44317">
        <ele>2464.41</ele>
      </trkpt>
      <trkpt lat="37.12502" lon="-118.44306">
        <ele>2461.4</ele>
      </trkpt>
      <trkpt lat="37.12499" lon="-118.443">
        <ele>2459.09</ele>
      </trkpt>
      <trkpt lat="37.12492" lon="-118.44294">
        <ele>2456.14</ele>
      </trkpt>
      <trkpt lat="37.12489" lon="-118.44293">
        <ele>2455.08</ele>
      </trkpt>
      <trkpt lat="37.12485" lon="-118.44291">
        <ele>2453.21</ele>
      </trkpt>
      <trkpt lat="37.12483" lon="-118.44286">
        <ele>2450.9</ele>
      </trkpt>
      <trkpt lat="37.12483" lon="-118.44283">
        <ele>2449.66</ele>
      </trkpt>
      <trkpt lat="37.12485" lon="-118.44279">
        <ele>2448.62</ele>
      </trkpt>
      <trkpt lat="37.12484" lon="-118.44277">
        <ele>2447.56</ele>
      </trkpt>
      <trkpt lat="37.12481" lon="-118.44276">
        <ele>2446.32</ele>
      </trkpt>
      <trkpt lat="37.12476" lon="-118.44277">
        <ele>2445.56</ele>
      </trkpt>
      <trkpt lat="37.1247" lon="-118.44278">
        <ele>2444.59</ele>
      </trkpt>
      <trkpt lat="37.12468" lon="-118.44275">
        <ele>2443.05</ele>
      </trkpt>
      <trkpt lat="37.12476" lon="-118.44268">
        <ele>2442.63</ele>
      </trkpt>
      <trkpt lat="37.12484" lon="-118.44262">
        <ele>2441.62</ele>
      </trkpt>
      <trkpt lat="37.12485" lon="-118.4426">
        <ele>2440.76</ele>
      </trkpt>
      <trkpt lat="37.12483" lon="-118.44258">
        <ele>2439.64</ele>
      </trkpt>
      <trkpt lat="37.1247" lon="-118.44256">
        <ele>2437.04</ele>
      </trkpt>
      <trkpt lat="37.12469" lon="-118.44254">
        <ele>2436.08</ele>
      </trkpt>
      <trkpt lat="37.1247" lon="-118.44251">
        <ele>2435.14</ele>
      </trkpt>
      <trkpt lat="37.12476" lon="-118.44249">
        <ele>2435.08</ele>
      </trkpt>
      <trkpt lat="37.1248" lon="-118.44247">
        <ele>2434.87</ele>
      </trkpt>
      <trkpt lat="37.12481" lon="-118.44244">
        <ele>2434.0</ele>
      </trkpt>
      <trkpt lat="37.12468" lon="-118.44239">
        <ele>2430.98</ele>
      </trkpt>
      <trkpt lat="37.12467" lon="-118.44236">
        <ele>2429.9</ele>
      </trkpt>
      <trkpt lat="37.12471" lon="-118.44228">
        <ele>2428.07</ele>
      </trkpt>
      <trkpt lat="37.12471" lon="-118.44222">
        <ele>2426.62</ele>
      </trkpt>
      <trkpt lat="37.12468" lon="-118.44218">
        <ele>2424.02</ele>
      </trkpt>
      <trkpt lat="37.12463" lon="-118.44217">
        <ele>2422.75</ele>
      </trkpt>
      <trkpt lat="37.12459" lon="-118.44216">
        <ele>2421.03</ele>
      </trkpt>
      <trkpt lat="37.12454" lon="-118.44222">
        <ele>2422.0</ele>
      </trkpt>
      <trkpt lat="37.12451" lon="-118.44227">
        <ele>2423.33</ele>
      </trkpt>
      <trkpt lat="37.12447" lon="-118.4423">
        <ele>2423.3</ele>
      </trkpt>
      <trkpt lat="37.12438" lon="-118.44238">
        <ele>2423.02</ele>
      </trkpt>
      <trkpt lat="37.12435" lon="-118.4424">
        <ele>2422.7</ele>
      </trkpt>
      <trkpt lat="37.12438" lon="-118.44233">
        <ele>2421.4</ele>
      </trkpt>
      <trkpt lat="37.12443" lon="-118.44224">
        <ele>2419.98</ele>
      </trkpt>
      <trkpt lat="37.12444" lon="-118.44219">
        <ele>2418.08</ele>
      </trkpt>
      <trkpt lat="37.12451" lon="-118.44208">
        <ele>2414.44</ele>
      </trkpt>
      <trkpt lat="37.12456" lon="-118.44201">
        <ele>2412.43</ele>
      </trkpt>
      <trkpt lat="37.12456" lon="-118.44193">
        <ele>2408.78</ele>
      </trkpt>
      <trkpt lat="37.12453" lon="-118.4419">
        <ele>2407.37</ele>
      </trkpt>
      <trkpt lat="37.12448" lon="-118.44189">
        <ele>2405.75</ele>
      </trkpt>
      <trkpt lat="37.1246" lon="-118.44182">
        <ele>2405.88</ele>
      </trkpt>
      <trkpt lat="37.12465" lon="-118.44178">
        <ele>2405.84</ele>
      </trkpt>
      <trkpt lat="37.12474" lon="-118.44161">
        <ele>2409.84</ele>
      </trkpt>
      <trkpt lat="37.12477" lon="-118.44135">
        <ele>2413.1</ele>
      </trkpt>
      <trkpt lat="37.12478" lon="-118.44108">
        <ele>2412.74</ele>
      </trkpt>
      <trkpt lat="37.12473" lon="-118.44103">
        <ele>2409.5</ele>
      </trkpt>
      <trkpt lat="37.12463" lon="-118.44117">
        <ele>2403.02</ele>
      </trkpt>
      <trkpt lat="37.1245" lon="-118.44103">
        <ele>2400.2</ele>
      </trkpt>
      <trkpt lat="37.12454" lon="-118.44073">
        <ele>2399.95</ele>
      </trkpt>
      <trkpt lat="37.1245" lon="-118.44052">
        <ele>2396.19</ele>
      </trkpt>
      <trkpt lat="37.12451" lon="-118.44038">
        <ele>2393.62</ele>
      </trkpt>
      <trkpt lat="37.12455" lon="-118.44018">
        <ele>2388.59</ele>
      </trkpt>
      <trkpt lat="37.12451" lon="-118.44001">
        <ele>2385.42</ele>
      </trkpt>
      <trkpt lat="37.12444" lon="-118.43981">
        <ele>2383.95</ele>
      </trkpt>
      <trkpt lat="37.12445" lon="-118.43971">
        <ele>2384.06</ele>
      </trkpt>
      <trkpt lat="37.12456" lon="-118.43948">
        <ele>2384.34</ele>
      </trkpt>
      <trkpt lat="37.12465" lon="-118.43929">
        <ele>2384.55</ele>
      </trkpt>
      <trkpt lat="37.12486" lon="-118.43868">
        <ele>2382.85</ele>
      </trkpt>
      <trkpt lat="37.12505" lon="-118.4381">
        <ele>2380.02</ele>
      </trkpt>
      <trkpt lat="37.12516" lon="-118.43777">
        <ele>2378.39</ele>
      </trkpt>
      <trkpt lat="37.12524" lon="-118.43761">
        <ele>2377.89</ele>
      </trkpt>
      <trkpt lat="37.12526" lon="-118.43758">
        <ele>2377.78</ele>
      </trkpt>
    </trkseg>
  </trk>
</gpx>
